Gal,logP,mW,sig_mW,Fe/H,z,V-I
M101,1.2540644529143379,22.099439999999998,0.3,0.3100000000000005,0.0008,0.96
M101,0.72900270927219,24.00084,0.57,0.2940000000000005,0.0008,1.06
M101,1.0740846890282438,22.526980000000002,0.32,0.2889999999999997,0.0008,1.07
M101,1.17376882313665,22.59382,0.32,0.2810000000000006,0.0008,1.13
M101,1.0740846890282438,22.76944,0.45,0.3119999999999994,0.0008,0.96
M101,0.8899736384039961,23.40014,0.42,0.2889999999999997,0.0008,1.01
M101,1.4077307280263354,22.30996,0.19,0.32399999999999984,0.0008,1.14
M101,0.9123814989188004,23.42558,0.42,0.3000000000000007,0.0008,0.97
M101,0.8431704645198979,23.51962,0.43,0.3049999999999997,0.0008,0.83
M101,1.159266331093494,23.481360000000002,0.37,0.3260000000000005,0.0008,1.24
M101,1.2407987711173312,22.052599999999998,0.34,0.32399999999999984,0.0008,0.9
M101,1.1209028176145273,23.096799999999998,0.43,0.3249999999999993,0.0008,1.2
M101,1.0666985504229953,22.83558,0.25,0.25099999999999945,0.0008,0.97
M101,0.966986025117938,23.306459999999998,0.47,0.32099999999999973,0.0008,0.89
M101,1.3326404103874625,21.74804,0.24,0.30799999999999983,0.0008,0.86
M101,1.1829849670035817,22.07856,0.37,0.3279999999999994,0.0008,1.04
M101,1.2000292665537702,22.0668,0.31,0.3119999999999994,0.0008,1.2
M101,1.2357808703275603,22.47014,0.32,0.3160000000000007,0.0008,1.01
M101,1.06707085604537,23.122419999999998,0.19,0.24799999999999933,0.0008,1.03
M101,1.244771761495295,22.629260000000002,0.25,0.3019999999999996,0.0008,1.09
M101,1.1139433523068367,22.932419999999997,0.41,0.3160000000000007,0.0008,1.03
M101,1.0629578340845103,22.85874,0.33,0.2789999999999999,0.0008,0.91
M101,1.146128035678238,23.006980000000002,0.33,0.3119999999999994,0.0008,1.07
M101,1.126780577012009,22.83242,0.26,0.30799999999999983,0.0008,1.03
M101,1.4877038631637263,21.6903,0.19,0.3030000000000008,0.0008,1.45
M101,1.2065560440990295,22.3568,0.31,0.3049999999999997,0.0008,1.2
M101,1.2873537727147466,22.169439999999998,0.25,0.3490000000000002,0.0008,0.96
M101,1.0867156639448825,22.72926,0.34,0.29499999999999993,0.0008,1.09
M101,0.8791532461842462,23.57804,0.5,0.2989999999999995,0.0008,0.86
M101,1.1205739312058498,22.600640000000002,0.42,0.2900000000000009,0.0008,1.76
M101,1.0704073217401198,23.063299999999998,0.36,0.3420000000000005,0.0008,0.95
M101,1.055378331375,23.13488,0.44,0.33500000000000085,0.0008,0.92
M101,1.0203612826477078,22.322419999999997,0.38,0.33500000000000085,0.0008,1.03
M101,1.316808752053022,22.44784,0.22,0.33000000000000007,0.0008,1.56
M101,1.388278863459639,21.75574,0.23,0.3309999999999995,0.0008,1.41
M101,1.245018870737753,22.82996,0.31,0.3409999999999993,0.0008,1.14
M101,1.0989896394011773,22.66768,0.43,0.34500000000000064,0.0008,1.12
M101,1.2920344359947364,22.32102,0.26,0.2970000000000006,0.0008,0.93
M101,0.7536596472859987,24.01172,0.48,0.26399999999999935,0.0008,0.98
M101,1.529173603261723,21.08504,0.19,0.3230000000000004,0.0008,1.36
M101,1.0748164406451748,22.624000000000002,0.46,0.33399999999999963,0.0008,1.0
M101,1.2372923375674587,22.71084,0.27,0.3049999999999997,0.0008,1.06
M101,1.276461804173244,21.66102,0.31,0.28500000000000014,0.0008,0.93
M101,1.000867721531227,22.89856,0.41,0.3260000000000005,0.0008,1.04
M101,1.3688445068258213,21.9261,0.25,0.3409999999999993,0.0008,1.15
M101,1.1789769472931695,22.3875,0.36,0.33699999999999974,0.0008,1.25
M101,1.2322335211147337,22.44802,0.31,0.34999999999999964,0.0008,1.43
M101,1.110589710299249,21.98944,0.46,0.34699999999999953,0.0008,0.96
M101,1.1132746924643504,22.12488,0.44,0.3390000000000004,0.0008,0.92
M101,1.395850376018781,22.08768,0.21,0.3100000000000005,0.0008,1.12
M101,1.1931245983544616,22.97382,0.38,0.3230000000000004,0.0008,1.13
M101,0.9621798529087678,23.674699999999998,0.41,0.2870000000000008,0.0008,1.05
M101,1.3342526423342307,22.142919999999997,0.26,0.34500000000000064,0.0008,1.78
M101,0.9988258190402861,23.28488,0.41,0.31400000000000006,0.0008,0.92
M101,1.4409090820652177,21.646079999999998,0.21,0.34699999999999953,0.0008,1.72
M101,1.436162647040756,21.795399999999997,0.22,0.34500000000000064,0.0008,1.1
M101,1.5385737338068557,21.83522,0.21,0.2940000000000005,0.0008,1.23
M101,1.5182506513085,21.54172,0.2,0.3000000000000007,0.0008,0.98
M101,1.070037866607755,23.06312,0.33,0.3070000000000004,0.0008,1.08
M101,1.0606978403536116,22.874180000000003,0.43,0.3160000000000007,0.0008,0.87
M101,1.0603200286882852,22.1861,0.58,0.3089999999999993,0.0008,1.15
M101,1.3821972103774536,22.13294,0.23,0.35299999999999976,0.0008,1.21
M101,1.209515014542631,23.09522,0.32,0.2889999999999997,0.0008,1.23
M101,1.2990712600274095,21.93786,0.26,0.35599999999999987,0.0008,0.99
M101,1.378216149749878,21.68382,0.23,0.35999999999999943,0.0008,1.13
M101,1.3147096929551738,22.19786,0.23,0.3249999999999993,0.0008,0.99
M101,1.424881636631067,21.6668,0.23,0.36299999999999955,0.0008,1.2
M101,1.2008504980910775,22.80312,0.31,0.3290000000000006,0.0008,1.08
M101,1.2973227142053025,22.15768,0.27,0.3330000000000002,0.0008,1.12
M101,1.511749711344983,21.656100000000002,0.22,0.33800000000000097,0.0008,1.15
M101,1.1758016328482794,22.624000000000002,0.35,0.3460000000000001,0.0008,1.0
M101,1.4144719496293028,21.69032,0.27,0.34699999999999953,0.0008,0.88
M101,1.0599418880619547,23.29294,0.35,0.3360000000000003,0.0008,1.21
M101,1.276461804173244,22.64312,0.37,0.35999999999999943,0.0008,1.08
M101,1.0842186867392387,22.71224,0.42,0.32099999999999973,0.0008,1.16
M101,1.1610683854711745,22.71558,0.36,0.29300000000000104,0.0008,0.97
M101,1.0068937079479006,22.97786,0.48,0.3000000000000007,0.0008,0.99
M101,1.3729120029701065,21.549599999999998,0.21,0.35599999999999987,0.0008,1.4
M101,1.1908917169221696,22.66978,0.29,0.30600000000000094,0.0008,1.27
M101,1.189770956346874,22.01242,0.26,0.3309999999999995,0.0008,1.03
M101,1.3047058982127655,22.37944,0.2,0.33000000000000007,0.0008,0.96
M101,1.2571984261393445,22.31312,0.29,0.3360000000000003,0.0008,1.08
M101,1.3346547668832414,21.92766,0.25,0.32399999999999984,0.0008,1.69
M101,1.417803722639881,22.215220000000002,0.25,0.3849999999999998,0.0008,1.23
M101,1.2511513431753545,22.1661,0.33,0.3879999999999999,0.0008,1.15
M101,1.2857822737793947,22.2726,0.28,0.3279999999999994,0.0008,0.9
M101,1.2833012287035497,22.161360000000002,0.26,0.3330000000000002,0.0008,1.24
M101,1.1661339703051092,23.01626,0.33,0.31400000000000006,0.0008,1.59
M101,1.507855871695831,21.638540000000003,0.2,0.3780000000000001,0.0008,1.61
M101,0.7041505168397991,23.861900000000002,0.35,0.2530000000000001,0.0008,0.85
M101,1.3197304943302246,22.33996,0.3,0.33800000000000097,0.0008,1.14
M101,1.2891428359323331,21.996280000000002,0.36,0.370000000000001,0.0008,1.02
M101,1.3261309567107946,21.93014,0.16,0.24900000000000055,0.0008,1.01
M101,1.2008504980910775,23.08716,0.42,0.386000000000001,0.0008,0.94
M101,1.3571722577230336,21.94628,0.24,0.36400000000000077,0.0008,1.02
M101,1.0111473607757975,23.894000000000002,0.46,0.3049999999999997,0.0008,1.0
M101,0.8619523749214517,23.309260000000002,0.51,0.34500000000000064,0.0008,1.09
M101,1.2533380053261065,22.114,0.23,0.33500000000000085,0.0008,1.0
M101,1.378216149749878,21.8047,0.3,0.38400000000000034,0.0008,1.05
M101,1.1920095926536702,22.6389,0.38,0.34500000000000064,0.0008,1.35
M101,1.132899769944483,22.2647,0.34,0.386000000000001,0.0008,1.05
M101,1.1109262422664203,22.69592,0.33,0.3439999999999994,0.0008,1.28
M101,1.2571984261393445,21.278380000000002,0.4,0.3849999999999998,0.0008,1.17
M101,1.039414119176137,23.17646,0.47,0.33999999999999986,0.0008,0.89
M101,1.4578818967339924,21.534519999999997,0.17,0.30400000000000027,0.0008,1.18
M101,1.2084413564385674,22.3819,0.39,0.36400000000000077,0.0008,0.85
M101,1.504742636271688,21.49608,0.23,0.36599999999999966,0.0008,1.72
M101,1.39776625612645,21.313299999999998,0.3,0.3849999999999998,0.0008,0.95
M101,1.0989896394011773,22.24698,0.38,0.3309999999999995,0.0008,1.07
M101,1.0962145853464051,23.291,0.51,0.38700000000000045,0.0008,1.5
M101,1.2846562827885157,22.2382,0.42,0.386000000000001,0.0008,1.3
M101,1.380934463330702,21.88364,0.28,0.3810000000000002,0.0008,1.26
M101,0.9860099318532611,23.165399999999998,0.41,0.32399999999999984,0.0008,1.1
M101,1.0398105541483504,22.69576,0.37,0.33200000000000074,0.0008,0.84
M101,1.3113299523037931,21.70804,0.22,0.34699999999999953,0.0008,0.86
M101,1.4082399653118496,22.26312,0.21,0.26699999999999946,0.0008,1.08
M101,1.4407517004791854,21.65716,0.17,0.28800000000000026,0.0008,0.94
M101,1.0111473607757975,22.7654,0.24,0.23000000000000043,0.0008,1.1
M101,0.9672670915597856,22.544,0.42,0.29300000000000104,0.0008,1.0
M101,1.028977705208778,23.0926,0.46,0.3439999999999994,0.0008,0.9
M101,1.0330214446829107,22.92294,0.38,0.31099999999999994,0.0008,1.21
M101,0.8362608028584869,23.60874,0.25,0.25399999999999956,0.0008,0.91
M101,1.0166155475571774,23.2826,0.3,0.29100000000000037,0.0008,0.9
M101,0.8963057074660806,23.32488,0.31,0.30100000000000016,0.0008,0.92
M101,1.0362295440862945,22.65768,0.28,0.2989999999999995,0.0008,1.12
M101,1.414973347970818,21.59628,0.21,0.3019999999999996,0.0008,1.02
M101,1.184975190698261,22.16558,0.24,0.25099999999999945,0.0008,0.97
M101,0.8780619812900126,23.32804,0.31,0.29499999999999993,0.0008,0.86
M101,1.461348433647983,21.7975,0.22,0.38400000000000034,0.0008,1.25
M101,1.4273237863572472,21.76838,0.21,0.3330000000000002,0.0008,1.17
M101,1.2380461031287955,21.7661,0.29,0.29800000000000004,0.0008,1.15
M101,1.0817072700973491,22.629260000000002,0.47,0.3569999999999993,0.0008,1.09
M101,1.2619761913978127,22.07856,0.26,0.3409999999999993,0.0008,1.04
M101,1.2324878663529861,21.914,0.25,0.3439999999999994,0.0008,1.0
M101,0.9948448495533979,22.52856,0.4,0.3420000000000005,0.0008,1.04
M101,1.2926990030439298,22.42084,0.28,0.3520000000000003,0.0008,1.06
M101,1.236789099409293,22.176280000000002,0.27,0.3460000000000001,0.0008,1.02
M101,1.1072099696478683,22.8054,0.33,0.3490000000000002,0.0008,1.1
M101,1.0965624383741355,22.44048,0.29,0.33800000000000097,0.0008,1.32
M101,0.8298181874388775,23.766280000000002,0.38,0.23300000000000054,0.0008,1.02
M101,1.2823955047425255,21.5047,0.37,0.35800000000000054,0.0008,1.05
M101,1.04493154614916,22.73786,0.4,0.3680000000000003,0.0008,0.99
M101,1.14921911265538,22.625220000000002,0.24,0.33200000000000074,0.0008,1.23
M101,1.2913688504515826,22.39312,0.23,0.2900000000000009,0.0008,1.08
M101,1.0519239160461065,22.64172,0.29,0.354000000000001,0.0008,0.98
M101,1.186673867499745,22.614,0.26,0.3200000000000003,0.0008,1.0
M101,1.5174598265402321,21.604519999999997,0.16,0.2599999999999998,0.0008,1.18
M101,1.2574385668598138,22.73102,0.25,0.34299999999999997,0.0008,0.93
M101,1.3138672203691535,22.13066,0.22,0.35999999999999943,0.0008,1.19
M101,1.1473671077937864,22.72944,0.26,0.2729999999999997,0.0008,0.96
M101,1.160768561861128,22.2089,0.3,0.34800000000000075,0.0008,1.35
M101,1.0398105541483504,22.55066,0.32,0.3360000000000003,0.0008,1.19
M101,1.0161973535124391,22.8447,0.38,0.35299999999999976,0.0008,1.05
M101,1.0195316845312554,22.17048,0.41,0.34999999999999964,0.0008,1.32
M101,1.0614524790871933,22.5547,0.36,0.359,0.0008,1.05
M101,1.3632358044836939,21.97926,0.22,0.3569999999999993,0.0008,1.09
M101,1.2857822737793947,22.091700000000003,0.29,0.3550000000000004,0.0008,1.55
M101,0.7767011839884109,23.5247,0.39,0.35299999999999976,0.0008,1.05
M101,1.390935107103379,22.06382,0.21,0.35999999999999943,0.0008,1.13
M101,1.2496874278053016,22.365399999999998,0.22,0.3179999999999996,0.0008,1.1
M101,1.039414119176137,22.84646,0.37,0.3569999999999993,0.0008,0.89
M101,1.3951515915045425,22.0668,0.21,0.34699999999999953,0.0008,1.2
M101,1.176958980586908,22.924,0.26,0.29100000000000037,0.0008,1.0
M101,1.0318122713303703,22.4454,0.4,0.34500000000000064,0.0008,1.1
M101,1.4353665066126613,22.0568,0.17,0.3420000000000005,0.0008,1.2
M101,1.2638726768652235,22.4026,0.34,0.375,0.0008,0.9
M101,1.2746196190912382,22.32698,0.21,0.3670000000000009,0.0008,1.07
M101,1.024895960107485,22.53944,0.22,0.3130000000000006,0.0008,0.96
M101,1.1092409685882032,22.262240000000002,0.3,0.3550000000000004,0.0008,1.16
M101,1.498861688992884,21.18188,0.18,0.3719999999999999,0.0008,1.42
M101,0.8671137798319771,23.813299999999998,0.36,0.27999999999999936,0.0008,0.95
M101,1.0472748673841794,23.049599999999998,0.35,0.35299999999999976,0.0008,1.4
M101,1.0565237240791003,23.44014,0.31,0.3089999999999993,0.0008,1.01
M101,0.7046651854545292,23.795399999999997,0.55,0.26500000000000057,0.0008,1.1
M101,1.4629966120280562,21.8633,0.47,0.36400000000000077,0.0008,0.95
M101,1.028977705208778,22.58944,0.29,0.3520000000000003,0.0008,0.96
M101,1.177536499929862,22.92522,0.27,0.32699999999999996,0.0008,1.23
M101,0.9978230807457255,23.21032,0.36,0.28200000000000003,0.0008,0.88
M101,0.9573198968553408,22.89786,0.29,0.34800000000000075,0.0008,0.99
M101,1.089905111439398,22.50172,0.33,0.33200000000000074,0.0008,0.98
M101,0.9845273133437926,23.095399999999998,0.3,0.30100000000000016,0.0008,1.1
M101,1.2319790268315043,22.86014,0.24,0.3160000000000007,0.0008,1.01
M101,0.7210683017971591,23.892599999999998,0.47,0.3019999999999996,0.0008,0.9
M101,1.4250448745513888,21.90944,0.17,0.29300000000000104,0.0008,0.96
M101,1.1439511164239635,22.866280000000003,0.28,0.3279999999999994,0.0008,1.02
M101,1.3918169236132487,22.02908,0.18,0.3279999999999994,0.0008,1.22
M101,0.8963057074660806,23.624000000000002,0.52,0.3460000000000001,0.0008,1.0
M101,0.9674543681827408,23.41734,0.3,0.3330000000000002,0.0008,0.81
M101,0.8849651982007327,23.79102,0.43,0.34299999999999997,0.0008,0.93
M101,1.2281436075977417,22.67874,0.23,0.3130000000000006,0.0008,0.91
M101,1.0856472882968566,22.88102,0.3,0.31900000000000084,0.0008,0.93
M101,1.1109262422664203,23.291539999999998,0.24,0.3179999999999996,0.0008,1.11
M101,1.0111473607757975,22.851020000000002,0.45,0.3260000000000005,0.0008,0.93
M101,1.4225898398514822,21.56786,0.21,0.36299999999999955,0.0008,0.99
M101,0.7455432019980242,24.18084,0.42,0.31900000000000084,0.0008,1.06
M101,1.1559430179718369,22.12312,0.27,0.2889999999999997,0.0008,1.08
M101,1.4026052419199146,21.74276,0.2,0.3179999999999996,0.0008,1.34
M101,1.2352758766870524,22.1989,0.2,0.28500000000000014,0.0008,1.35
M101,0.8200700343123257,23.57804,0.3,0.2469999999999999,0.0008,0.86
M101,0.8726806071519296,23.4926,0.33,0.2859999999999996,0.0008,0.9
M101,1.2350231594952235,22.80118,0.19,0.2550000000000008,0.0008,1.37
M101,1.1357685145678222,22.6133,0.3,0.24799999999999933,0.0008,0.95
M101,1.2891428359323331,22.49522,0.2,0.2629999999999999,0.0008,1.23
M101,0.8543667780408696,23.39926,0.39,0.3249999999999993,0.0008,1.09
M101,1.2911467617318857,22.26014,0.21,0.3179999999999996,0.0008,1.01
M101,1.2835273648616936,22.3947,0.22,0.3119999999999994,0.0008,1.05
M101,0.9018395920512295,23.5626,0.29,0.29800000000000004,0.0008,0.9
M101,1.470116353151004,21.825560000000003,0.17,0.26900000000000013,0.0008,1.54
M101,1.1818435879447726,22.122419999999998,0.22,0.23900000000000077,0.0008,1.03
M101,1.14705767102836,22.410140000000002,0.24,0.2680000000000007,0.0008,1.01
M101,0.7839035792727349,23.78348,0.43,0.2680000000000007,0.0008,0.82
M101,1.4191293077419758,22.17258,0.17,0.2560000000000002,0.0008,1.47
M101,1.4169731726030363,21.69014,0.17,0.28200000000000003,0.0008,1.01
M101,1.3624824747511743,21.832240000000002,0.21,0.3089999999999993,0.0008,1.16
M101,1.021189299069938,22.868380000000002,0.35,0.3119999999999994,0.0008,1.17
M101,1.3811150807098507,21.96416,0.23,0.3179999999999996,0.0008,1.44
M101,1.0285712526925377,23.09804,0.34,0.3019999999999996,0.0008,0.86
M101,0.7897921677306754,24.16786,0.51,0.31700000000000017,0.0008,0.99
M101,1.0358298252528282,22.6447,0.4,0.3179999999999996,0.0008,1.05
M101,1.0561422620590524,23.40944,0.32,0.3160000000000007,0.0008,0.96
M101,1.110589710299249,22.83874,0.35,0.2810000000000006,0.0008,0.91
M101,1.190611797813605,22.81294,0.2,0.25900000000000034,0.0008,1.21
M101,0.8363241157067517,23.657339999999998,0.39,0.3000000000000007,0.0008,0.81
M101,0.7824009524965299,23.26558,0.39,0.25900000000000034,0.0008,0.97
M101,0.9718322799249252,23.700319999999998,0.34,0.27500000000000036,0.0008,0.88
M101,1.311541958401195,21.876459999999998,0.18,0.245000000000001,0.0008,0.89
M101,1.5424519473759766,21.8282,0.17,0.28500000000000014,0.0008,1.3
M101,1.0530784434834197,23.15558,0.23,0.2580000000000009,0.0008,0.97
M101,1.0519239160461065,23.009439999999998,0.26,0.28800000000000026,0.0008,0.96
M101,1.2612628687924936,22.20786,0.19,0.27800000000000047,0.0008,0.99
M101,0.9434450490250305,23.537860000000002,0.27,0.2530000000000001,0.0008,0.99
M101,1.159266331093494,22.288040000000002,0.18,0.261000000000001,0.0008,0.86
M101,1.1498346967157849,22.859260000000003,0.28,0.2940000000000005,0.0008,1.09
M101,1.429752280002408,22.053639999999998,0.16,0.2370000000000001,0.0008,1.26
M101,0.8046845149069404,24.05576,0.39,0.24900000000000055,0.0008,0.84
M101,1.2156375634350618,22.7482,0.21,0.2989999999999995,0.0008,1.3
M101,1.2617385473525378,21.658559999999998,0.33,0.3490000000000002,0.0008,1.04
M101,1.1439511164239635,22.01084,0.28,0.3490000000000002,0.0008,1.06
M101,1.1065308538223813,23.10786,0.26,0.34299999999999997,0.0008,0.99
M101,1.2545480771089739,22.811020000000003,0.24,0.245000000000001,0.0008,0.93
N1015,1.4695274791870139,25.43892,0.41,-0.02200000000000024,0.00877,0.78
N1015,1.5130843604651443,24.62416,0.48,-0.14000000000000057,0.00877,1.44
N1015,1.5438198051426577,24.218719999999998,0.38,0.006999999999999673,0.00877,1.48
N1015,1.6065963091792852,24.26978,0.44,-0.05799999999999983,0.00877,1.27
N1015,1.6996643202023733,24.5582,0.35,-0.18900000000000006,0.00877,1.3
N1015,1.7655195430979524,24.64696,0.27,-0.18299999999999983,0.00877,1.64
N1015,1.7913397039651395,23.37082,0.31,-0.15799999999999947,0.00877,1.63
N1015,1.793231447056521,23.93908,0.4,0.08099999999999952,0.00877,1.22
N1015,1.8052289142034261,23.846619999999998,0.25,-0.2029999999999994,0.00877,1.33
N1015,1.847634344318255,23.6896,0.3,0.1609999999999996,0.00877,1.4
N1015,1.8717480189918716,24.23066,0.32,0.21499999999999986,0.00877,1.19
N1015,1.8727970399895983,23.7775,0.21,-0.3249999999999993,0.00877,1.25
N1015,1.9411634601584733,23.52382,0.17,-0.11999999999999922,0.00877,1.13
N1015,1.988960070390338,23.34136,0.22,0.20899999999999963,0.00877,1.24
N1309,1.5809249756756194,25.043120000000002,0.22,-0.2419999999999991,0.0071200000000000005,1.08
N1309,1.5945030438200891,24.792759999999998,0.42,-0.10200000000000031,0.0071200000000000005,1.34
N1309,1.5957166199434245,24.83996,0.24,-0.031000000000000583,0.0071200000000000005,1.14
N1309,1.5965970956264601,24.804000000000002,0.24,-0.06600000000000072,0.0071200000000000005,1.0
N1309,1.600210306409328,25.08908,0.26,0.041999999999999815,0.0071200000000000005,1.22
N1309,1.6110857334148727,24.029600000000002,0.55,0.15000000000000036,0.0071200000000000005,1.4
N1309,1.6129956560323475,24.6261,0.18,-0.17799999999999905,0.0071200000000000005,1.15
N1309,1.6208644752651211,23.97522,0.45,0.21300000000000097,0.0071200000000000005,1.23
N1309,1.6226284261293251,23.834699999999998,0.5,0.16300000000000026,0.0071200000000000005,1.05
N1309,1.624385241420265,24.092419999999997,0.28,0.03599999999999959,0.0071200000000000005,1.03
N1309,1.6448323288256363,24.91154,0.57,0.0009999999999994458,0.0071200000000000005,1.11
N1309,1.6465997517203734,23.9031,0.34,0.1509999999999998,0.0071200000000000005,1.65
N1309,1.649334858712142,24.60646,0.22,-0.08499999999999908,0.0071200000000000005,0.89
N1309,1.6464037262230695,23.583460000000002,0.45,0.041999999999999815,0.0071200000000000005,1.39
N1309,1.6575338875579864,24.246280000000002,0.24,0.0039999999999995595,0.0071200000000000005,1.02
N1309,1.6775157047987574,24.26276,0.53,0.01699999999999946,0.0071200000000000005,1.34
N1309,1.679609571779756,24.3933,0.33,-0.10899999999999999,0.0071200000000000005,0.95
N1309,1.6828667956623247,24.40522,0.43,-0.07900000000000063,0.0071200000000000005,1.23
N1309,1.6800634274819486,23.33434,0.62,0.038000000000000256,0.0071200000000000005,1.31
N1309,1.685293781386784,24.26328,0.3,-0.08099999999999952,0.0071200000000000005,1.52
N1309,1.695218918905151,24.6389,0.23,0.016000000000000014,0.0071200000000000005,1.35
N1309,1.7060346607143506,24.4375,0.49,0.25,0.0071200000000000005,1.25
N1309,1.7107940999303275,24.30996,0.24,0.025000000000000355,0.0071200000000000005,1.14
N1309,1.7112165243210902,24.2912,0.6,0.09800000000000075,0.0071200000000000005,0.8
N1309,1.716170347859854,23.79574,0.18,-0.08999999999999986,0.0071200000000000005,1.41
N1309,1.7201593034059568,24.14154,0.4,0.12599999999999945,0.0071200000000000005,1.11
N1309,1.7329563695756247,24.306459999999998,0.65,0.13899999999999935,0.0071200000000000005,0.89
N1309,1.754501229386917,24.33382,0.25,0.10999999999999943,0.0071200000000000005,1.13
N1309,1.7702627381705933,24.524340000000002,0.33,0.15399999999999991,0.0071200000000000005,1.31
N1309,1.7706311277778066,24.189239999999998,0.43,0.0779999999999994,0.0071200000000000005,1.66
N1309,1.8104341559226726,23.98556,0.33,-0.09799999999999898,0.0071200000000000005,1.54
N1309,1.8118430061764774,23.24048,0.54,0.1590000000000007,0.0071200000000000005,1.32
N1309,1.8075350280688534,23.810480000000002,0.19,-0.13599999999999923,0.0071200000000000005,1.32
N1309,1.8305886686851442,24.154519999999998,0.19,0.02999999999999936,0.0071200000000000005,1.18
N1309,1.7628285531890906,23.989600000000003,0.35,0.14300000000000068,0.0071200000000000005,1.4
N1309,1.8409212001987718,24.14154,0.22,-0.019999999999999574,0.0071200000000000005,1.11
N1309,1.8407332346118068,23.88926,0.21,0.08999999999999986,0.0071200000000000005,1.09
N1309,1.8541845438336066,23.703120000000002,0.23,-0.06600000000000072,0.0071200000000000005,1.08
N1309,1.8669958131106479,23.935579999999998,0.3,0.1720000000000006,0.0071200000000000005,0.97
N1309,1.879439965995217,23.631,0.4,0.09399999999999942,0.0071200000000000005,1.5
N1309,1.927062243493,23.85698,0.5,0.06099999999999994,0.0071200000000000005,1.07
N1309,1.9288565335819108,23.409779999999998,0.4,0.18299999999999983,0.0071200000000000005,1.27
N1309,1.9570802596578998,23.504340000000003,0.18,-0.04299999999999926,0.0071200000000000005,1.31
N1309,1.9586116577648793,23.67084,0.36,0.2370000000000001,0.0071200000000000005,1.06
N1365,1.2013971243204515,24.79594,0.63,-0.009999999999999787,0.00545,0.71
N1365,1.216165902285993,24.75978,0.32,-0.4039999999999999,0.00545,1.27
N1365,1.2232362731029975,24.19032,0.4,-0.10899999999999999,0.00545,0.88
N1365,1.2304489213782739,24.87698,0.33,-0.2110000000000003,0.00545,1.07
N1365,1.230704313612569,25.46874,0.44,-0.02800000000000047,0.00545,0.91
N1365,1.2942457161381182,24.60138,0.4,-0.03999999999999915,0.00545,0.67
N1365,1.4099331233312946,24.13646,0.18,-0.3439999999999994,0.00545,0.89
N1365,1.4163075870598825,23.59786,0.7,0.05400000000000027,0.00545,0.99
N1365,1.4307198878632823,23.63504,0.36,0.034000000000000696,0.00545,1.36
N1365,1.4310419453358854,24.01014,0.19,-0.34299999999999997,0.00545,1.01
N1365,1.4385423487861106,24.00856,0.24,-0.1039999999999992,0.00545,1.04
N1365,1.4462264017781632,24.484180000000002,0.32,0.015000000000000568,0.00545,0.87
N1365,1.467312062980552,23.71628,0.24,-0.11899999999999977,0.00545,1.02
N1365,1.4679039465228003,24.10172,0.23,-0.2530000000000001,0.00545,0.98
N1365,1.4690852991231205,23.7689,0.23,-0.2859999999999996,0.00545,1.35
N1365,1.4820155764507117,23.57206,0.48,0.027000000000001023,0.00545,1.29
N1365,1.4827307000799428,23.47874,0.42,0.027000000000001023,0.00545,0.91
N1365,1.496514518697745,24.071379999999998,0.3,0.021000000000000796,0.00545,0.67
N1365,1.5108130105124962,23.956280000000003,0.45,0.0730000000000004,0.00545,1.02
N1365,1.5327543789924978,23.72294,0.19,-0.14400000000000013,0.00545,1.21
N1365,1.5454308294653512,23.07294,0.26,-0.038000000000000256,0.00545,1.21
N1365,1.5683190850951119,23.64854,0.38,0.19400000000000084,0.00545,1.61
N1365,1.5917322389518356,23.63084,0.41,0.08099999999999952,0.00545,1.06
N1365,1.6099144100859977,23.02996,0.2,-0.1509999999999998,0.00545,1.14
N1365,1.6111920608684343,23.70802,0.23,0.0009999999999994458,0.00545,1.43
N1365,1.6324572921847242,23.0154,0.36,0.02999999999999936,0.00545,1.1
N1365,1.6334684555795864,23.58558,0.32,-0.1039999999999992,0.00545,0.97
N1365,1.6743098889414771,22.67874,0.22,0.02400000000000091,0.00545,0.91
N1365,1.7113853790984517,23.39662,0.25,0.0600000000000005,0.00545,1.33
N1365,1.756864224060549,23.0533,0.16,-0.15600000000000058,0.00545,0.95
N1365,1.800510876894368,22.840480000000003,0.26,0.0909999999999993,0.00545,1.32
N1365,1.8354368948018582,22.417499999999997,0.32,0.15200000000000102,0.00545,1.25
N1448,1.182414652434554,25.22312,0.54,-0.07600000000000051,0.0039,1.08
N1448,1.1925674533365456,25.66928,0.42,0.0600000000000005,0.0039,0.52
N1448,1.1981069988734014,24.27294,0.41,0.03599999999999959,0.0039,1.21
N1448,1.2041199826559248,23.97172,0.62,0.04400000000000048,0.0039,0.98
N1448,1.2049335223541449,25.1398,0.37,-0.10699999999999932,0.0039,0.7
N1448,1.2084413564385674,24.74084,0.29,-0.14700000000000024,0.0039,1.06
N1448,1.2092468487533738,24.704359999999998,0.51,0.05400000000000027,0.0039,0.74
N1448,1.2234959409623944,24.74662,0.28,0.009999999999999787,0.0039,1.33
N1448,1.242292904982931,24.6147,0.2,-0.19699999999999918,0.0039,1.05
N1448,1.2543063323312855,24.58768,0.35,0.040000000000000924,0.0039,1.12
N1448,1.2595938788859486,25.0503,0.3,-0.02800000000000047,0.0039,1.45
N1448,1.2600713879850747,24.44278,0.7,0.11800000000000033,0.0039,0.77
N1448,1.2612628687924936,23.76366,0.43,-0.0860000000000003,0.0039,0.69
N1448,1.2641091563058084,24.3384,0.38,-0.11299999999999955,0.0039,0.6
N1448,1.2657609167176105,24.1112,0.41,-0.016000000000000014,0.0039,0.8
N1448,1.2837533833325265,24.034519999999997,0.25,-0.08099999999999952,0.0039,1.18
N1448,1.2909245593827543,23.993660000000002,0.29,-0.11599999999999966,0.0039,0.69
N1448,1.31492005599242,23.50804,0.5,0.10699999999999932,0.0039,0.86
N1448,1.325720858019412,24.0426,0.3,0.032999999999999474,0.0039,0.9
N1448,1.327563260187278,24.14752,0.21,-0.14300000000000068,0.0039,0.68
N1448,1.3279716236230106,24.3982,0.23,0.031000000000000583,0.0039,1.3
N1448,1.3348556896172916,24.68506,0.27,-0.06700000000000017,0.0039,0.79
N1448,1.3654879848908996,24.63068,0.49,-0.0909999999999993,0.0039,0.62
N1448,1.370698092575577,24.44102,0.17,-0.06700000000000017,0.0039,0.93
N1448,1.3928727454020795,23.691879999999998,0.28,0.09399999999999942,0.0039,1.42
N1448,1.4119562379304016,24.17524,0.19,-0.0030000000000001137,0.0039,0.66
N1448,1.4173055832445256,23.90048,0.19,-0.14199999999999946,0.0039,1.32
N1448,1.4220971631317103,24.00734,0.22,-0.16799999999999926,0.0039,0.81
N1448,1.4289442900355744,23.93996,0.47,0.045999999999999375,0.0039,1.14
N1448,1.4358443659844413,23.564880000000002,0.42,0.02200000000000024,0.0039,0.92
N1448,1.4488608456074408,24.1482,0.21,0.03700000000000081,0.0039,1.3
N1448,1.4893959217271295,23.49768,0.18,-0.16000000000000014,0.0039,1.12
N1448,1.4976206497812876,23.88118,0.3,-0.06199999999999939,0.0039,1.37
N1448,1.5207454715194824,24.25102,0.23,-0.12899999999999956,0.0039,0.93
N1448,1.5300715688373783,23.83576,0.2,-0.04899999999999949,0.0039,0.84
N1448,1.53567380342575,23.625220000000002,0.65,0.1120000000000001,0.0039,1.23
N1448,1.5422027824340283,23.296280000000003,0.29,0.07000000000000028,0.0039,1.02
N1448,1.5573868820595071,23.05312,0.22,-0.06899999999999906,0.0039,1.08
N1448,1.5693739096150459,23.2075,0.32,0.08200000000000074,0.0039,1.25
N1448,1.587823171318955,23.90084,0.19,0.05600000000000094,0.0039,1.06
N1448,1.592953571547866,23.34348,0.16,-0.13400000000000034,0.0039,0.82
N1448,1.5957166199434245,23.70208,0.31,0.051000000000000156,0.0039,0.72
N1448,1.6427612032653205,23.10416,0.32,0.05400000000000027,0.0039,1.44
N1448,1.644635503768153,23.03032,0.19,-0.09799999999999898,0.0039,0.88
N1448,1.6582976503081899,22.603800000000003,0.51,0.19299999999999962,0.0039,1.7
N1448,1.6908160579809155,23.13996,0.13,-0.1639999999999997,0.0039,1.14
N1448,1.6908160579809155,23.155739999999998,0.16,-0.1280000000000001,0.0039,1.41
N1448,1.6958317728266923,23.484,0.14,-0.13899999999999935,0.0039,1.0
N1448,1.7043221408222353,22.9705,0.14,0.038000000000000256,0.0039,0.75
N1448,1.717004407040547,23.02978,0.15,0.0779999999999994,0.0039,1.27
N1448,1.739809599021359,23.118219999999997,0.15,-0.1349999999999998,0.0039,0.73
N1448,1.7523558041535008,22.61242,0.18,0.03500000000000014,0.0039,1.03
N1448,1.778078861937455,22.86084,0.17,-0.0990000000000002,0.0039,1.06
N1448,1.970114322285097,22.42136,0.12,0.02800000000000047,0.0039,1.24
N2442,1.1763806922432705,24.48292,0.55,0.0600000000000005,0.004889999999999999,1.78
N2442,1.1855421548543752,24.731699999999996,0.5,0.2959999999999994,0.004889999999999999,1.55
N2442,1.1956229435869368,25.25224,0.52,-0.19599999999999973,0.004889999999999999,1.16
N2442,1.1975562131535364,24.70418,0.6,-0.26099999999999923,0.004889999999999999,0.87
N2442,1.1975562131535364,24.522039999999997,0.63,-0.1349999999999998,0.004889999999999999,1.86
N2442,1.2008504980910775,25.08802,0.67,0.22600000000000087,0.004889999999999999,1.43
N2442,1.2022157758011316,24.861520000000002,0.69,0.19400000000000084,0.004889999999999999,1.68
N2442,1.2065560440990295,25.465020000000003,0.7,-0.19299999999999962,0.004889999999999999,1.93
N2442,1.2113875529368587,24.34486,0.51,0.12700000000000067,0.004889999999999999,1.49
N2442,1.2276296495710086,24.18574,0.61,0.27999999999999936,0.004889999999999999,1.41
N2442,1.2327420627207368,24.866780000000002,0.44,0.35299999999999976,0.004889999999999999,1.77
N2442,1.2332500095411003,25.36872,0.66,-0.2289999999999992,0.004889999999999999,1.48
N2442,1.248463717551032,24.13608,0.59,0.14400000000000013,0.004889999999999999,1.72
N2442,1.2727695865517594,24.8303,0.67,-0.022999999999999687,0.004889999999999999,1.45
N2442,1.2741578492636798,24.73292,0.59,0.02800000000000047,0.004889999999999999,1.78
N2442,1.2929202996000062,24.94906,0.54,-0.04899999999999949,0.004889999999999999,1.79
N2442,1.2949069106051925,24.21416,0.62,0.3960000000000008,0.004889999999999999,1.44
N2442,1.297760511099134,24.032919999999997,0.66,-0.11399999999999899,0.004889999999999999,1.78
N2442,1.3014640731432998,25.29944,0.55,0.1750000000000007,0.004889999999999999,0.96
N2442,1.3027637084729817,24.1589,0.52,0.23199999999999932,0.004889999999999999,1.35
N2442,1.3031960574204888,24.3389,0.61,0.06199999999999939,0.004889999999999999,1.35
N2442,1.307496037913213,23.779600000000002,0.53,0.40000000000000036,0.004889999999999999,1.4
N2442,1.3081373786380386,24.94978,0.48,0.02400000000000091,0.004889999999999999,1.27
N2442,1.3100557377508915,24.325560000000003,0.55,0.07499999999999929,0.004889999999999999,1.54
N2442,1.3102683666324475,24.4652,0.65,0.2010000000000005,0.004889999999999999,1.8
N2442,1.3207692283386865,23.823259999999998,0.66,-0.12700000000000067,0.004889999999999999,2.09
N2442,1.3222192947339193,24.57784,0.54,0.12199999999999989,0.004889999999999999,1.56
N2442,1.3236645356081003,24.15924,0.64,-0.013999999999999346,0.004889999999999999,1.66
N2442,1.328583449714202,24.117839999999998,0.64,0.2629999999999999,0.004889999999999999,1.56
N2442,1.3322364154914432,23.80732,0.55,-0.009999999999999787,0.004889999999999999,1.38
N2442,1.3418300569205104,24.751199999999997,0.66,0.43599999999999994,0.004889999999999999,0.8
N2442,1.3432115901797474,24.94698,0.69,0.2759999999999998,0.004889999999999999,1.07
N2442,1.344588742578714,23.89538,0.51,-0.13199999999999967,0.004889999999999999,1.67
N2442,1.3475251599986895,24.571199999999997,0.57,0.22900000000000098,0.004889999999999999,0.8
N2442,1.3560258571931227,25.081,0.51,0.025000000000000355,0.004889999999999999,1.5
N2442,1.3588862044058692,24.0938,0.65,0.24300000000000033,0.004889999999999999,1.7
N2442,1.3632358044836939,23.764519999999997,0.59,0.2560000000000002,0.004889999999999999,1.18
N2442,1.3636119798921444,23.967660000000002,0.47,0.4499999999999993,0.004889999999999999,1.69
N2442,1.3641756327706194,24.496959999999998,0.55,0.2740000000000009,0.004889999999999999,1.64
N2442,1.368286884902131,24.68152,0.43,0.21300000000000097,0.004889999999999999,1.68
N2442,1.3725438007590702,24.35172,0.54,0.36599999999999966,0.004889999999999999,0.98
N2442,1.3866772839608377,24.14818,0.66,0.27200000000000024,0.004889999999999999,1.87
N2442,1.3877456596088638,24.28206,0.67,0.40300000000000047,0.004889999999999999,1.29
N2442,1.388278863459639,23.99028,0.56,0.24099999999999966,0.004889999999999999,2.02
N2442,1.3918169236132487,24.64274,0.44,0.07900000000000063,0.004889999999999999,1.91
N2442,1.3981136917305026,24.139760000000003,0.61,-0.051000000000000156,0.004889999999999999,1.84
N2442,1.3998467127129224,24.79872,0.5,0.013999999999999346,0.004889999999999999,1.48
N2442,1.401055725771844,24.12574,0.59,0.027000000000001023,0.004889999999999999,1.41
N2442,1.4056877866727775,23.67906,0.43,0.17099999999999937,0.004889999999999999,1.79
N2442,1.4070508148042504,24.732400000000002,0.54,0.19100000000000072,0.004889999999999999,1.6
N2442,1.4077307280263354,24.04766,0.54,0.3819999999999997,0.004889999999999999,1.69
N2442,1.4085791254086675,24.3573,0.49,0.1620000000000008,0.004889999999999999,1.95
N2442,1.4102709642521845,24.07172,0.36,0.2970000000000006,0.004889999999999999,0.98
N2442,1.4104397862103466,24.5561,0.59,0.06400000000000006,0.004889999999999999,1.15
N2442,1.413467412985825,24.595399999999998,0.52,0.06300000000000061,0.004889999999999999,1.1
N2442,1.4191293077419758,24.77522,0.54,0.120000000000001,0.004889999999999999,1.23
N2442,1.4209454059219722,23.87416,0.43,0.0730000000000004,0.004889999999999999,1.44
N2442,1.4219328132785085,24.311539999999997,0.53,-0.07199999999999918,0.004889999999999999,1.11
N2442,1.4220971631317103,24.22188,0.45,-0.08699999999999974,0.004889999999999999,1.42
N2442,1.426023015689876,23.69818,0.48,-0.1479999999999997,0.004889999999999999,1.87
N2442,1.4323277922616042,24.80784,0.51,0.04899999999999949,0.004889999999999999,1.56
N2442,1.433449793761596,23.91976,0.47,-0.0039999999999995595,0.004889999999999999,1.84
N2442,1.4358443659844413,23.95732,0.6,0.2810000000000006,0.004889999999999999,1.38
N2442,1.4394905903896835,24.0175,0.56,0.24099999999999966,0.004889999999999999,1.25
N2442,1.4415380387021608,23.884680000000003,0.5,0.4190000000000005,0.004889999999999999,1.62
N2442,1.442009159140952,24.1368,0.43,0.3460000000000001,0.004889999999999999,1.2
N2442,1.4437322414015967,24.51558,0.66,0.22100000000000009,0.004889999999999999,0.97
N2442,1.4569730136358179,24.5947,0.56,0.06400000000000006,0.004889999999999999,1.05
N2442,1.4569730136358179,23.692580000000003,0.69,0.27999999999999936,0.004889999999999999,1.47
N2442,1.4649364291217326,23.700819999999997,0.44,-0.18399999999999928,0.004889999999999999,1.63
N2442,1.4690852991231205,23.49416,0.42,-0.15499999999999936,0.004889999999999999,1.44
N2442,1.4693801358499252,23.96084,0.47,0.15200000000000102,0.004889999999999999,1.06
N2442,1.4734869700645683,23.66766,0.6,0.3200000000000003,0.004889999999999999,1.69
N2442,1.4743619760326307,23.49326,0.57,0.25900000000000034,0.004889999999999999,2.09
N2442,1.4746532533620627,23.959760000000003,0.59,0.391,0.004889999999999999,1.84
N2442,1.474944335465388,24.02608,0.43,0.027000000000001023,0.004889999999999999,1.72
N2442,1.4763968267253302,23.72836,0.6,0.370000000000001,0.004889999999999999,1.74
N2442,1.476976465759527,24.1831,0.55,-0.06899999999999906,0.004889999999999999,1.65
N2442,1.4820155764507117,24.01714,0.45,0.36100000000000065,0.004889999999999999,1.51
N2442,1.4855794769846786,24.220319999999997,0.65,0.2680000000000007,0.004889999999999999,0.88
N2442,1.4889735247265081,24.18152,0.62,0.12700000000000067,0.004889999999999999,1.68
N2442,1.4909412053567868,23.451,0.47,0.05600000000000094,0.004889999999999999,1.5
N2442,1.5206145218782359,24.14256,0.4,0.28200000000000003,0.004889999999999999,2.04
N2442,1.5240064455573725,23.75046,0.38,-0.12299999999999933,0.004889999999999999,1.89
N2442,1.5272431163880886,23.32188,0.64,0.2560000000000002,0.004889999999999999,1.42
N2442,1.5322446436265822,22.803620000000002,0.52,-0.0470000000000006,0.004889999999999999,1.83
N2442,1.534026106056135,24.21046,0.68,-0.04499999999999993,0.004889999999999999,1.89
N2442,1.5363058723510337,24.07416,0.56,0.002000000000000668,0.004889999999999999,1.44
N2442,1.5364321758220134,23.724680000000003,0.38,0.2550000000000008,0.004889999999999999,1.62
N2442,1.537063142781617,24.54206,0.49,0.277000000000001,0.004889999999999999,1.29
N2442,1.5385737338068557,23.871699999999997,0.51,-0.10299999999999976,0.004889999999999999,1.55
N2442,1.5464192668351917,23.81432,0.61,0.3569999999999993,0.004889999999999999,1.88
N2442,1.5482665451707454,23.4238,0.53,-0.10699999999999932,0.004889999999999999,1.7
N2442,1.550961752298176,23.2552,0.5,-0.09600000000000009,0.004889999999999999,1.8
N2442,1.5560611590095326,24.09836,0.43,-0.24900000000000055,0.004889999999999999,1.74
N2442,1.5584685625237948,23.174680000000002,0.58,0.23499999999999943,0.004889999999999999,1.62
N2442,1.5626496722119168,24.23276,0.61,-0.06300000000000061,0.004889999999999999,1.34
N2442,1.5641924606261979,23.55802,0.41,0.37400000000000055,0.004889999999999999,1.43
N2442,1.5651391519697895,23.7359,0.39,-0.025000000000000355,0.004889999999999999,1.85
N2442,1.5653755027140737,23.46346,0.59,0.21899999999999942,0.004889999999999999,1.39
N2442,1.569724949226159,23.3245,0.52,0.42300000000000004,0.004889999999999999,1.75
N2442,1.5720579899263045,23.937839999999998,0.46,-0.06199999999999939,0.004889999999999999,1.56
N2442,1.5725230978496376,23.5017,0.59,0.22199999999999953,0.004889999999999999,1.55
N2442,1.5800121125294244,23.626079999999998,0.44,0.1999999999999993,0.004889999999999999,1.72
N2442,1.5801263254115825,23.55556,0.51,0.21899999999999942,0.004889999999999999,1.54
N2442,1.5801263254115825,23.7517,0.59,0.053000000000000824,0.004889999999999999,1.55
N2442,1.5833121519830777,24.0231,0.54,0.29499999999999993,0.004889999999999999,1.65
N2442,1.583538819254352,23.173099999999998,0.44,-0.06899999999999906,0.004889999999999999,1.65
N2442,1.5997739391463883,23.67556,0.56,0.26200000000000045,0.004889999999999999,1.54
N2442,1.6073477767684134,23.76924,0.55,0.07399999999999984,0.004889999999999999,1.66
N2442,1.6097011023793995,23.33556,0.6,0.21799999999999997,0.004889999999999999,1.54
N2442,1.6100210246641453,24.22206,0.37,0.29100000000000037,0.004889999999999999,1.29
N2442,1.6124659639531422,23.680100000000003,0.45,-0.1869999999999994,0.004889999999999999,2.15
N2442,1.619719265611727,23.20028,0.44,0.26500000000000057,0.004889999999999999,2.02
N2442,1.6203442997544932,23.28572,0.56,-0.010999999999999233,0.004889999999999999,1.98
N2442,1.624385241420265,23.92364,0.53,0.23399999999999999,0.004889999999999999,1.26
N2442,1.6363875858131567,23.733439999999998,0.42,0.4369999999999994,0.004889999999999999,1.96
N2442,1.6440444928147488,24.23836,0.32,0.03200000000000003,0.004889999999999999,1.74
N2442,1.6527296960692477,23.3187,0.56,-0.11299999999999955,0.004889999999999999,2.05
N2442,1.658393026279124,22.862740000000002,0.49,0.0600000000000005,0.004889999999999999,1.91
N2442,1.6671726724788685,23.09468,0.33,-0.16499999999999915,0.004889999999999999,1.62
N2442,1.668665415454492,23.500980000000002,0.39,-0.1769999999999996,0.004889999999999999,2.07
N2442,1.6711728427150832,23.60942,0.42,-0.041999999999999815,0.004889999999999999,1.53
N2442,1.674585602302914,23.53328,0.41,0.23000000000000043,0.004889999999999999,1.52
N2442,1.6812412373755872,23.99906,0.45,0.3049999999999997,0.004889999999999999,1.79
N2442,1.6885977750811698,23.43276,0.52,0.22100000000000009,0.004889999999999999,1.34
N2442,1.7160033436347992,23.198719999999998,0.44,0.3230000000000004,0.004889999999999999,1.48
N2442,1.7162538258960367,23.39836,0.53,0.15600000000000058,0.004889999999999999,1.74
N2442,1.7295697263019698,23.54836,0.58,-0.0909999999999993,0.004889999999999999,1.74
N2442,1.7311857076340005,23.758719999999997,0.51,0.15700000000000003,0.004889999999999999,1.48
N2442,1.763128376799137,22.95572,0.47,0.12899999999999956,0.004889999999999999,1.98
N2442,1.7725417326409434,22.724680000000003,0.48,0.016000000000000014,0.004889999999999999,1.62
N2442,1.7732743483374538,23.21416,0.44,0.1590000000000007,0.004889999999999999,1.44
N2442,1.7951149856303632,22.89572,0.41,0.29100000000000037,0.004889999999999999,1.98
N2442,1.8025000677643934,23.58222,0.34,-0.20500000000000007,0.004889999999999999,1.73
N2442,1.805092878342673,23.1694,0.28,-0.2010000000000005,0.004889999999999999,2.1
N2442,1.8287243271387914,23.27468,0.38,-0.16499999999999915,0.004889999999999999,1.62
N2442,1.842546836495015,22.89222,0.22,-0.24799999999999933,0.004889999999999999,1.73
N2442,1.8426716337607885,22.7738,0.4,0.0470000000000006,0.004889999999999999,1.7
N2442,1.875986771428488,22.79082,0.19,-0.08999999999999986,0.004889999999999999,1.63
N2442,1.8895257966711911,23.11802,0.35,-0.06600000000000072,0.004889999999999999,1.43
N3021,1.2089785172762535,25.36488,0.58,0.006999999999999673,0.00514,0.92
N3021,1.2610248339923973,24.664,0.54,0.1479999999999997,0.00514,1.0
N3021,1.3138672203691535,26.36382,0.58,0.10599999999999987,0.00514,1.13
N3021,1.3224260524059526,25.33838,0.6,0.08999999999999986,0.00514,1.17
N3021,1.3613500243522665,25.25786,0.29,-0.1590000000000007,0.00514,0.99
N3021,1.379305517750582,24.82908,0.46,0.14400000000000013,0.00514,1.22
N3021,1.4278105726759902,25.034519999999997,0.37,0.051000000000000156,0.00514,1.18
N3021,1.4926207220431917,25.21102,0.53,0.37299999999999933,0.00514,0.93
N3021,1.500785172917456,24.20418,0.5,0.22100000000000009,0.00514,0.87
N3021,1.520876381688342,24.42084,0.31,0.18299999999999983,0.00514,1.06
N3021,1.5478977175630972,25.074859999999997,0.31,0.12100000000000044,0.00514,1.49
N3021,1.5608626947274649,24.85978,0.3,0.1120000000000001,0.00514,1.27
N3021,1.5482665451707454,24.90576,0.43,0.3420000000000005,0.00514,0.84
N3021,1.595606434865603,24.564519999999998,0.31,0.07099999999999973,0.00514,1.18
N3021,1.600210306409328,25.60136,0.43,0.14000000000000057,0.00514,1.24
N3021,1.646207612206685,24.836119999999998,0.24,0.04499999999999993,0.00514,0.58
N3021,1.7500453120117676,24.14048,0.53,0.26500000000000057,0.00514,1.32
N3021,1.7640266076920372,23.9626,0.24,0.018000000000000682,0.00514,0.9
N3370,1.381295623003826,24.30346,0.43,-0.0470000000000006,0.0042699999999999995,1.39
N3370,1.3816564825857869,25.24768,0.56,0.10500000000000043,0.0042699999999999995,1.12
N3370,1.3912880485952974,25.0347,0.25,-0.37700000000000067,0.0042699999999999995,1.05
N3370,1.3960248966085933,24.98856,0.22,-0.2270000000000003,0.0042699999999999995,1.04
N3370,1.404491617758686,24.77962,0.66,0.136000000000001,0.0042699999999999995,0.83
N3370,1.4050046650503694,23.989600000000003,0.38,-0.041999999999999815,0.0042699999999999995,1.4
N3370,1.4214393902200497,24.7075,0.27,-0.1509999999999998,0.0042699999999999995,1.25
N3370,1.4253711664389412,25.244519999999998,0.32,-0.11500000000000021,0.0042699999999999995,1.18
N3370,1.426023015689876,24.7568,0.45,-0.0259999999999998,0.0042699999999999995,1.2
N3370,1.4282968139828796,25.0068,0.3,-0.25900000000000034,0.0042699999999999995,1.2
N3370,1.4546924492394768,24.571360000000002,0.28,-0.19299999999999962,0.0042699999999999995,1.24
N3370,1.4622482153549974,24.58434,0.34,-0.015000000000000568,0.0042699999999999995,1.31
N3370,1.470116353151004,25.252419999999997,0.24,-0.21700000000000053,0.0042699999999999995,1.03
N3370,1.4775553321989812,24.129260000000002,0.53,0.11899999999999977,0.0042699999999999995,1.09
N3370,1.479143247978613,24.90172,0.55,0.07000000000000028,0.0042699999999999995,0.98
N3370,1.4815859363676223,24.43188,0.21,-0.28200000000000003,0.0042699999999999995,1.42
N3370,1.4825877695267675,24.86364,0.38,0.013999999999999346,0.0042699999999999995,1.26
N3370,1.4941545940184429,24.2089,0.33,-0.1880000000000006,0.0042699999999999995,1.35
N3370,1.4956830676169153,24.58838,0.54,0.08200000000000074,0.0042699999999999995,1.17
N3370,1.496514518697745,25.068559999999998,0.24,-0.1039999999999992,0.0042699999999999995,1.04
N3370,1.4978967429132204,24.8961,0.26,-0.11100000000000065,0.0042699999999999995,1.15
N3370,1.5157414166693652,24.0875,0.37,0.06300000000000061,0.0042699999999999995,1.25
N3370,1.5323721335678775,23.70066,0.59,0.1330000000000009,0.0042699999999999995,1.19
N3370,1.5358002908248978,24.2526,0.7,0.2240000000000002,0.0042699999999999995,0.9
N3370,1.539577883345309,23.494519999999998,0.36,0.1980000000000004,0.0042699999999999995,1.18
N3370,1.5436956323092448,24.50908,0.48,0.15499999999999936,0.0042699999999999995,1.22
N3370,1.544811911757776,24.44662,0.28,-0.12700000000000067,0.0042699999999999995,1.33
N3370,1.5471591213274176,24.11592,0.27,-0.08699999999999974,0.0042699999999999995,1.28
N3370,1.5474054596674898,24.377679999999998,0.21,-0.2629999999999999,0.0042699999999999995,1.12
N3370,1.552911450216509,24.226280000000003,0.21,-0.24799999999999933,0.0042699999999999995,1.02
N3370,1.55303301620244,24.23996,0.24,-0.1379999999999999,0.0042699999999999995,1.14
N3370,1.5618166643189575,24.45294,0.39,-0.023999999999999133,0.0042699999999999995,1.21
N3370,1.563599728881531,24.690659999999998,0.21,-0.32699999999999996,0.0042699999999999995,1.19
N3370,1.5735677730392186,24.66452,0.25,-0.04899999999999949,0.0042699999999999995,1.18
N3370,1.583878598498626,24.0675,0.31,-0.06700000000000017,0.0042699999999999995,1.25
N3370,1.5862496388660419,24.2533,0.24,-0.0129999999999999,0.0042699999999999995,0.95
N3370,1.58849580100721,23.86294,0.26,-0.05599999999999916,0.0042699999999999995,1.21
N3370,1.5935075893317652,24.27242,0.26,-0.09200000000000053,0.0042699999999999995,1.03
N3370,1.5994463757252757,23.83206,0.48,0.0909999999999993,0.0042699999999999995,1.29
N3370,1.6073477767684134,24.08786,0.4,0.07399999999999984,0.0042699999999999995,0.99
N3370,1.6124659639531422,24.42504,0.45,0.09699999999999953,0.0042699999999999995,1.36
N3370,1.615107987443194,24.02294,0.49,0.10800000000000054,0.0042699999999999995,1.21
N3370,1.646207612206685,23.59206,0.29,0.041999999999999815,0.0042699999999999995,1.29
N3370,1.647089428716555,24.24382,0.43,0.2729999999999997,0.0042699999999999995,1.13
N3370,1.6325585145326718,23.40504,0.32,0.012000000000000455,0.0042699999999999995,1.36
N3370,1.6567687792660166,24.15206,0.47,0.040000000000000924,0.0042699999999999995,1.29
N3370,1.6680129716418322,24.22522,0.2,-0.21799999999999997,0.0042699999999999995,1.23
N3370,1.6781540380104374,23.82154,0.24,0.08500000000000085,0.0042699999999999995,1.11
N3370,1.6939906104607767,24.24066,0.32,-0.031000000000000583,0.0042699999999999995,1.19
N3370,1.6962689967455329,23.95364,0.23,-0.07099999999999973,0.0042699999999999995,1.26
N3370,1.7332775339325817,23.93224,0.22,-0.0649999999999995,0.0042699999999999995,1.16
N3370,1.7424894645817752,24.30996,0.35,0.08999999999999986,0.0042699999999999995,1.14
N3370,1.7907072873276797,23.3175,0.19,-0.08699999999999974,0.0042699999999999995,1.25
N3370,1.7909884750888159,23.68768,0.26,0.021000000000000796,0.0042699999999999995,1.12
N3370,1.825491029879431,23.35488,0.19,-0.18200000000000038,0.0042699999999999995,0.92
N3370,1.8288531596766402,23.254859999999997,0.21,-0.17799999999999905,0.0042699999999999995,1.49
N3370,1.8308451923086115,23.198719999999998,0.51,0.2370000000000001,0.0042699999999999995,1.48
N3370,1.8387861449465945,23.120659999999997,0.19,0.019000000000000128,0.0042699999999999995,1.19
N3370,1.8623103099542704,23.24698,0.3,0.11500000000000021,0.0042699999999999995,1.07
N3370,1.877889425371484,23.08206,0.22,0.06400000000000006,0.0042699999999999995,1.29
N3370,1.9290099854939613,23.50768,0.3,0.20500000000000007,0.0042699999999999995,1.12
N3370,1.945320840792275,23.354,0.18,-0.06799999999999962,0.0042699999999999995,1.0
N3370,1.9827233876685453,23.035220000000002,0.21,-0.0259999999999998,0.0042699999999999995,1.23
N3447,1.3023309286843994,24.55488,0.44,-0.1769999999999996,0.0035600000000000002,0.92
N3447,1.307496037913213,25.3519,0.42,0.053000000000000824,0.0035600000000000002,0.85
N3447,1.3079237036118816,24.80032,0.26,-0.11800000000000033,0.0035600000000000002,0.88
N3447,1.3100557377508915,25.7289,0.46,-0.32699999999999996,0.0035600000000000002,1.35
N3447,1.312811826212088,24.867160000000002,0.5,-0.06700000000000017,0.0035600000000000002,0.94
N3447,1.3159703454569178,25.28506,0.42,0.07200000000000095,0.0035600000000000002,0.79
N3447,1.3184807251745174,24.269260000000003,0.48,-0.03599999999999959,0.0035600000000000002,1.09
N3447,1.3246939138617746,25.1347,0.25,-0.13599999999999923,0.0035600000000000002,1.05
N3447,1.3439990690571613,25.079099999999997,0.31,-0.27699999999999925,0.0035600000000000002,0.65
N3447,1.3494717992143856,24.480140000000002,0.22,-0.11399999999999899,0.0035600000000000002,1.01
N3447,1.3519894554356322,25.09226,0.26,-0.11500000000000021,0.0035600000000000002,0.59
N3447,1.352761191723831,24.05416,0.47,-0.0730000000000004,0.0035600000000000002,1.44
N3447,1.3585059114902351,24.774359999999998,0.22,-0.12100000000000044,0.0035600000000000002,0.74
N3447,1.3613500243522665,24.8019,0.25,0.08399999999999963,0.0035600000000000002,0.85
N3447,1.3637999454791092,24.70522,0.21,-0.10800000000000054,0.0035600000000000002,1.23
N3447,1.3645509953539718,24.46628,0.31,-0.0779999999999994,0.0035600000000000002,1.02
N3447,1.383456296524753,25.2547,0.28,-0.08900000000000041,0.0035600000000000002,1.05
N3447,1.3836358683618797,25.53384,0.39,-0.08900000000000041,0.0035600000000000002,0.56
N3447,1.3838153659804313,25.17908,0.33,-0.07199999999999918,0.0035600000000000002,1.22
N3447,1.3864989655506532,25.21172,0.31,-0.09500000000000064,0.0035600000000000002,0.98
N3447,1.3881012015705168,24.8082,0.31,-0.2629999999999999,0.0035600000000000002,1.3
N3447,1.388988785124714,25.0161,0.39,-0.10699999999999932,0.0035600000000000002,1.15
N3447,1.3941013020400446,24.631539999999998,0.19,-0.2579999999999991,0.0035600000000000002,1.11
N3447,1.404833716619938,23.938380000000002,0.58,-0.25200000000000067,0.0035600000000000002,1.17
N3447,1.4068806700491248,24.1926,0.66,-0.04499999999999993,0.0035600000000000002,0.9
N3447,1.4107772333772097,24.87138,0.26,-0.08099999999999952,0.0035600000000000002,0.67
N3447,1.421603926869831,24.45926,0.25,0.07600000000000051,0.0035600000000000002,1.09
N3447,1.4331295175804855,25.17172,0.32,-0.17099999999999937,0.0035600000000000002,0.98
N3447,1.436480695009495,24.665940000000003,0.58,-0.038000000000000256,0.0035600000000000002,0.71
N3447,1.4372747974101237,24.34506,0.41,-0.18299999999999983,0.0035600000000000002,0.79
N3447,1.442793225939769,25.10382,0.39,-0.06799999999999962,0.0035600000000000002,1.13
N3447,1.4451369687133042,24.62188,0.63,-0.12199999999999989,0.0035600000000000002,1.42
N3447,1.4586378490256493,24.787679999999998,0.14,0.07200000000000095,0.0035600000000000002,1.12
N3447,1.4652340949880143,24.68734,0.22,-0.30299999999999905,0.0035600000000000002,0.81
N3447,1.4670158184384354,25.29944,0.35,-0.054999999999999716,0.0035600000000000002,0.96
N3447,1.4723175463168419,24.343120000000003,0.23,-0.17300000000000004,0.0035600000000000002,1.08
N3447,1.476976465759527,24.1619,0.22,-0.032999999999999474,0.0035600000000000002,0.85
N3447,1.4771212547196624,24.81242,0.28,-0.031000000000000583,0.0035600000000000002,1.03
N3447,1.4830164201441323,25.153299999999998,0.42,-0.06600000000000072,0.0035600000000000002,0.95
N3447,1.4847268042986619,24.618920000000003,0.2,-0.2469999999999999,0.0035600000000000002,0.78
N3447,1.4903799200031789,24.9005,0.3,0.045999999999999375,0.0035600000000000002,0.75
N3447,1.500373714353374,24.405399999999997,0.19,-0.2010000000000005,0.0035600000000000002,1.1
N3447,1.505421327583281,24.052079999999997,0.24,-0.0909999999999993,0.0035600000000000002,0.72
N3447,1.5075860397630108,24.3898,0.19,-0.1899999999999995,0.0035600000000000002,0.7
N3447,1.5083950331330531,24.451539999999998,0.35,-0.08799999999999919,0.0035600000000000002,1.11
N3447,1.5166675590990428,23.90768,0.24,-0.15399999999999991,0.0035600000000000002,1.12
N3447,1.5216610151120733,24.56716,0.27,-0.27399999999999913,0.0035600000000000002,0.94
N3447,1.5296869537729165,24.34398,0.32,-0.08799999999999919,0.0035600000000000002,1.57
N3447,1.5342800052050816,23.857499999999998,0.32,-0.2729999999999997,0.0035600000000000002,1.25
N3447,1.5486350598147516,24.48224,0.2,-0.2010000000000005,0.0035600000000000002,1.16
N3447,1.5487578285737043,24.050140000000003,0.27,-0.04800000000000004,0.0035600000000000002,1.01
N3447,1.5525465479556604,24.18398,0.28,0.03500000000000014,0.0035600000000000002,1.57
N3447,1.5564231213712854,23.940659999999998,0.18,-0.10299999999999976,0.0035600000000000002,1.19
N3447,1.5566642621225686,23.85312,0.2,0.09800000000000075,0.0035600000000000002,1.08
N3447,1.5590683340345368,24.099800000000002,0.23,-0.0779999999999994,0.0035600000000000002,0.7
N3447,1.5652573434202137,23.98926,0.14,-0.2129999999999992,0.0035600000000000002,1.09
N3447,1.5679669068231543,24.361539999999998,0.17,-0.26900000000000013,0.0035600000000000002,1.11
N3447,1.5765716840652908,24.18032,0.15,-0.009999999999999787,0.0035600000000000002,0.88
N3447,1.588159616383092,23.81962,0.17,-0.0909999999999993,0.0035600000000000002,0.83
N3447,1.5936183081295359,24.104519999999997,0.24,-0.06700000000000017,0.0035600000000000002,1.18
N3447,1.5969268143429707,23.88488,0.17,-0.051000000000000156,0.0035600000000000002,0.92
N3447,1.5976951859255124,23.91874,0.15,-0.019000000000000128,0.0035600000000000002,0.91
N3447,1.6031443726201824,23.92664,0.26,-0.22000000000000064,0.0035600000000000002,0.76
N3447,1.60788374435699,23.923280000000002,0.16,-0.0030000000000001137,0.0035600000000000002,1.52
N3447,1.6357852355336517,23.48224,0.31,-0.0649999999999995,0.0035600000000000002,1.16
N3447,1.6497241859295224,23.61574,0.18,-0.045999999999999375,0.0035600000000000002,1.41
N3447,1.6586790285824489,23.693299999999997,0.12,-0.12100000000000044,0.0035600000000000002,0.95
N3447,1.6637009253896482,23.63312,0.27,-0.03500000000000014,0.0035600000000000002,1.08
N3447,1.6729286904427225,24.15014,0.22,-0.19200000000000017,0.0035600000000000002,1.01
N3447,1.6849350826408895,23.770480000000003,0.26,-0.058999999999999275,0.0035600000000000002,1.32
N3447,1.6929350025311378,24.10646,0.19,-0.07000000000000028,0.0035600000000000002,0.89
N3447,1.7824009524965299,23.7119,0.11,-0.10200000000000031,0.0035600000000000002,0.85
N3447,1.7836177651907488,23.211360000000003,0.2,-0.28200000000000003,0.0035600000000000002,1.24
N3447,1.800166990201364,23.00452,0.16,-0.025000000000000355,0.0035600000000000002,1.18
N3447,1.804548308388056,23.40698,0.25,-0.23000000000000043,0.0035600000000000002,1.07
N3447,1.8085485512404054,23.25522,0.15,0.019999999999999574,0.0035600000000000002,1.23
N3447,1.808616035426992,23.2147,0.2,-0.26399999999999935,0.0035600000000000002,1.05
N3447,1.8487431818956837,23.50102,0.13,-0.1720000000000006,0.0035600000000000002,0.93
N3447,1.854973673726417,23.03118,0.17,-0.270999999999999,0.0035600000000000002,1.37
N3447,1.8603380065709938,23.303819999999998,0.18,-0.2629999999999999,0.0035600000000000002,1.13
N3972,1.1869563354654122,24.99242,0.61,0.24900000000000055,0.00284,1.03
N3972,1.1889284837608534,24.749779999999998,0.61,0.12400000000000055,0.00284,1.27
N3972,1.1978316933289028,24.9798,0.54,0.3230000000000004,0.00284,0.7
N3972,1.2111205412580495,25.48944,0.54,0.15600000000000058,0.00284,0.96
N3972,1.239549720840473,24.817320000000002,0.62,0.19200000000000017,0.00284,1.38
N3972,1.2494429614425822,25.12206,0.62,0.09200000000000053,0.00284,1.29
N3972,1.2564772062416767,24.59136,0.47,0.08900000000000041,0.00284,1.24
N3972,1.2579184503140584,23.86732,0.56,0.30600000000000094,0.00284,1.38
N3972,1.2583978040955086,24.94276,0.69,0.2870000000000008,0.00284,1.34
N3972,1.2588766293721312,25.020319999999998,0.52,0.17099999999999937,0.00284,0.88
N3972,1.2685779718828432,24.2389,0.47,0.3089999999999993,0.00284,1.35
N3972,1.2748503200166648,24.40522,0.49,0.20500000000000007,0.00284,1.23
N3972,1.2780673308886625,24.9305,0.61,0.20899999999999963,0.00284,0.75
N3972,1.2823955047425255,24.316619999999997,0.61,0.2789999999999999,0.00284,1.33
N3972,1.2938043599193367,24.26944,0.48,0.21700000000000053,0.00284,0.96
N3972,1.313234291694724,25.132759999999998,0.57,0.27800000000000047,0.00284,1.34
N3972,1.3492775274679554,24.9975,0.64,0.23900000000000077,0.00284,1.25
N3972,1.3516030724191288,24.3426,0.39,0.29300000000000104,0.00284,0.9
N3972,1.3774883833761327,24.8626,0.53,0.20800000000000018,0.00284,0.9
N3972,1.395675785269936,24.614160000000002,0.57,0.33399999999999963,0.00284,1.44
N3972,1.3981136917305026,24.92154,0.58,0.23199999999999932,0.00284,1.11
N3972,1.398634324538392,24.03504,0.6,0.34299999999999997,0.00284,1.36
N3972,1.4191293077419758,24.17172,0.53,0.15700000000000003,0.00284,0.98
N3972,1.4340896384178907,23.915560000000003,0.42,0.12299999999999933,0.00284,1.54
N3972,1.4718781993072905,23.77468,0.48,0.27200000000000024,0.00284,1.62
N3972,1.4801507252732804,24.19436,0.41,0.3279999999999994,0.00284,0.74
N3972,1.5029730590656314,23.97698,0.61,0.23399999999999999,0.00284,1.07
N3972,1.5055569386638217,23.2747,0.58,0.33399999999999963,0.00284,1.05
N3972,1.5240064455573725,24.25592,0.54,0.2940000000000005,0.00284,1.28
N3972,1.5622928644564746,23.76716,0.4,0.26699999999999946,0.00284,0.94
N3972,1.5634810853944108,24.0726,0.3,0.11599999999999966,0.00284,0.9
N3972,1.5953859808091417,24.40558,0.5,0.3290000000000006,0.00284,0.97
N3972,1.6638892986226614,23.07398,0.42,0.3000000000000007,0.00284,1.57
N3972,1.6657685507193798,23.7668,0.49,0.4250000000000007,0.00284,1.2
N3972,1.7314275870509481,23.278019999999998,0.21,0.16600000000000037,0.00284,1.43
N3972,1.7337588355872027,23.22364,0.28,0.20800000000000018,0.00284,1.26
N3972,1.7471786713601645,23.10154,0.47,0.39400000000000013,0.00284,1.11
N3972,1.7635777244666453,23.06592,0.14,0.0030000000000001137,0.00284,1.28
N3972,1.7965743332104296,22.73276,0.49,0.4350000000000005,0.00284,1.34
N3972,1.816241299991783,23.36346,0.29,0.3160000000000007,0.00284,1.39
N3972,1.8166389448984614,23.55908,0.53,0.5099999999999998,0.00284,1.22
N3972,1.8484970180903666,22.96732,0.26,0.3000000000000007,0.00284,1.38
N3982,1.330007700872759,24.46172,0.31,0.17600000000000016,0.0037,0.98
N3982,1.3354579006893843,24.80154,0.29,-0.09799999999999898,0.0037,1.11
N3982,1.450557009418329,23.32382,0.53,0.09600000000000009,0.0037,1.13
N3982,1.4733409641859354,24.08434,0.45,0.06799999999999962,0.0037,1.31
N3982,1.5122840632818535,23.88908,0.17,-0.36599999999999966,0.0037,1.22
N3982,1.529045170765769,23.88294,0.4,0.1379999999999999,0.0037,1.21
N3982,1.5341530741850626,24.256619999999998,0.2,-0.15199999999999925,0.0037,1.33
N3982,1.5875987297212448,23.85592,0.18,-0.39400000000000013,0.0037,1.28
N3982,1.6068111469189634,24.109260000000003,0.17,-0.24600000000000044,0.0037,1.09
N3982,1.6069185259482912,23.71346,0.27,-0.031000000000000583,0.0037,1.39
N3982,1.619927710291468,24.011020000000002,0.23,-0.03500000000000014,0.0037,0.93
N3982,1.671913012441587,23.78276,0.43,0.19100000000000072,0.0037,1.34
N3982,1.6763277338813203,23.73908,0.24,0.006000000000000227,0.0037,1.22
N3982,1.7209031708134575,23.60576,0.48,0.23099999999999987,0.0037,0.84
N3982,1.7606486195813562,23.392419999999998,0.17,-0.36299999999999955,0.0037,1.03
N3982,1.9206450014067875,22.98032,0.3,0.25,0.0037,0.88
N4038,1.6043340731029112,23.74398,0.4,0.22000000000000064,0.0054800000000000005,1.57
N4038,1.6072405038317428,23.40768,0.47,0.23000000000000043,0.0054800000000000005,1.12
N4038,1.6135247028536523,23.3233,0.52,0.19400000000000084,0.0054800000000000005,0.95
N4038,1.6557145496187098,23.159599999999998,0.31,0.15799999999999947,0.0054800000000000005,1.4
N4038,1.7253398159097373,22.82468,0.52,0.10699999999999932,0.0054800000000000005,1.62
N4038,1.7363965022766426,23.6726,0.5,0.26699999999999946,0.0054800000000000005,0.9
N4038,1.7579271831133292,23.21312,0.62,0.1850000000000005,0.0054800000000000005,1.08
N4038,1.8596185787721804,22.6389,0.4,0.1609999999999996,0.0054800000000000005,1.35
N4038,1.8629657589777624,22.339599999999997,0.4,0.24300000000000033,0.0054800000000000005,1.4
N4038,1.9044991553978199,21.528380000000002,0.36,0.22199999999999953,0.0054800000000000005,1.17
N4038,1.9688097139128582,22.848200000000002,0.38,0.23099999999999987,0.0054800000000000005,1.3
N4038,1.9711366294768062,22.115560000000002,0.25,0.11299999999999955,0.0054800000000000005,1.54
N4038,1.9872639541222354,21.885060000000003,0.42,0.2699999999999996,0.0054800000000000005,0.79
N4424,1.3400473176613932,23.903299999999998,0.53,0.266,0.00146,0.95
N4424,1.4568213480215986,24.08312,0.42,0.23399999999999999,0.00146,1.08
N4424,1.561101383649056,22.1817,0.73,0.2699999999999996,0.00146,1.55
N4536,1.2068258760318498,23.97874,0.41,0.012000000000000455,0.006030000000000001,0.91
N4536,1.2397998184470986,24.415940000000003,0.25,0.15499999999999936,0.006030000000000001,0.71
N4536,1.252853030979893,24.14348,0.36,-0.09799999999999898,0.006030000000000001,0.82
N4536,1.2533380053261065,23.83014,0.31,0.10400000000000098,0.006030000000000001,1.01
N4536,1.2659963704950792,23.77452,0.27,-0.28500000000000014,0.006030000000000001,1.18
N4536,1.2739267801005256,24.05154,0.23,-0.1880000000000006,0.006030000000000001,1.11
N4536,1.2837533833325265,23.88294,0.31,-0.25099999999999945,0.006030000000000001,1.21
N4536,1.3038437748886544,23.98856,0.23,-0.17099999999999937,0.006030000000000001,1.04
N4536,1.3178544893314692,24.24822,0.27,-0.26399999999999935,0.006030000000000001,0.73
N4536,1.333850145102545,24.52488,0.28,0.038000000000000256,0.006030000000000001,0.92
N4536,1.3378584290410944,24.33206,0.37,-0.08199999999999896,0.006030000000000001,1.29
N4536,1.3394514413064407,23.94856,0.38,-0.013999999999999346,0.006030000000000001,1.04
N4536,1.381295623003826,23.37154,0.23,0.17999999999999972,0.006030000000000001,1.11
N4536,1.3930484664167782,23.44084,0.36,-0.0009999999999994458,0.006030000000000001,1.06
N4536,1.4398062113933303,23.4661,0.33,-0.06199999999999939,0.006030000000000001,1.15
N4536,1.468790262099611,23.686799999999998,0.59,0.0030000000000001137,0.006030000000000001,1.2
N4536,1.4721711466923633,23.50224,0.27,-0.24499999999999922,0.006030000000000001,1.16
N4536,1.504742636271688,23.45294,0.26,0.06600000000000072,0.006030000000000001,1.21
N4536,1.5466660250701842,22.89312,0.26,-0.13199999999999967,0.006030000000000001,1.08
N4536,1.5653755027140737,22.83522,0.26,-0.06300000000000061,0.006030000000000001,1.23
N4536,1.5714759036819437,23.65312,0.33,-0.0470000000000006,0.006030000000000001,1.08
N4536,1.575187844927661,23.086280000000002,0.19,-0.12899999999999956,0.006030000000000001,1.02
N4536,1.5844443071651761,23.43926,0.24,0.08500000000000085,0.006030000000000001,1.09
N4536,1.632760888479439,23.08908,0.2,-0.2759999999999998,0.006030000000000001,1.22
N4536,1.646207612206685,22.80294,0.23,0.10400000000000098,0.006030000000000001,1.21
N4536,1.6993173010213822,22.9075,0.17,0.19599999999999973,0.006030000000000001,1.25
N4536,1.7240299729355977,22.62838,0.17,-0.30299999999999905,0.006030000000000001,1.17
N4536,1.7366354976868212,22.35154,0.18,-0.24600000000000044,0.006030000000000001,1.11
N4536,1.7728349272390183,22.1068,0.25,-0.04299999999999926,0.006030000000000001,1.2
N4536,1.774224904868919,22.468899999999998,0.17,0.1899999999999995,0.006030000000000001,1.35
N4536,1.8478809974453752,22.48452,0.17,0.12400000000000055,0.006030000000000001,1.18
N4536,1.9713686367914234,21.79698,0.17,0.08099999999999952,0.006030000000000001,1.07
N4536,1.9946690218255294,21.616619999999998,0.16,0.06300000000000061,0.006030000000000001,1.33
N4639,1.3330440298234871,23.49206,0.4,0.23499999999999943,0.0034,1.29
N4639,1.3475251599986895,24.24172,0.36,0.06099999999999994,0.0034,0.98
N4639,1.4065401804339552,24.04066,0.49,0.15200000000000102,0.0034,1.19
N4639,1.4117880045438689,23.44014,0.45,0.25399999999999956,0.0034,1.01
N4639,1.4337698339248657,24.19628,0.56,0.1980000000000004,0.0034,1.02
N4639,1.4857214264815801,23.74242,0.41,0.2859999999999996,0.0034,1.03
N4639,1.4891143693789193,24.04804,0.33,0.10999999999999943,0.0034,0.86
N4639,1.506234359612126,24.017339999999997,0.23,-0.019000000000000128,0.0034,0.81
N4639,1.5122840632818535,23.7498,0.41,0.33500000000000085,0.0034,0.7
N4639,1.5130843604651443,23.6526,0.52,0.3420000000000005,0.0034,0.9
N4639,1.5195655008805091,24.48786,0.29,0.054999999999999716,0.0034,0.99
N4639,1.524396122103842,24.451900000000002,0.29,0.0519999999999996,0.0034,0.85
N4639,1.5327543789924978,23.80488,0.24,0.06300000000000061,0.0034,0.92
N4639,1.6117233080073419,23.00786,0.35,0.17900000000000027,0.0034,0.99
N4639,1.6147917919564174,23.084,0.27,0.0470000000000006,0.0034,1.0
N4639,1.6595359071542164,23.6247,0.28,0.06300000000000061,0.0034,1.05
N4639,1.6810602436318118,23.0305,0.48,0.17300000000000004,0.0034,0.75
N4639,1.683677298818692,23.18066,0.51,0.26200000000000045,0.0034,1.19
N4639,1.6893976628212823,23.58154,0.18,-0.10800000000000054,0.0034,1.11
N4639,1.7005306569785916,22.95978,0.43,0.26500000000000057,0.0034,1.27
N4639,1.731346975545955,23.86522,0.28,0.025000000000000355,0.0034,1.23
N4639,1.7448403967853792,23.7626,0.29,0.12199999999999989,0.0034,0.9
N4639,1.7481104674949839,22.685579999999998,0.34,0.13000000000000078,0.0034,0.97
N4639,1.774224904868919,22.2298,0.34,0.2580000000000009,0.0034,0.7
N4639,1.9085386321719595,23.01328,0.29,0.23099999999999987,0.0034,1.52
N5584,1.317436496535099,24.34452,0.35,-0.07000000000000028,0.0054600000000000004,1.18
N5584,1.3236645356081003,25.11804,0.54,0.14400000000000013,0.0054600000000000004,0.86
N5584,1.3306166672944384,24.051,0.48,0.18599999999999994,0.0054600000000000004,1.5
N5584,1.355643050220869,25.45908,0.39,0.051000000000000156,0.0054600000000000004,1.22
N5584,1.3602146132953523,24.684179999999998,0.55,0.18399999999999928,0.0054600000000000004,0.87
N5584,1.3681008517093514,24.67068,0.35,-0.20199999999999996,0.0054600000000000004,0.62
N5584,1.371990911464915,25.14206,0.35,0.08000000000000007,0.0054600000000000004,1.29
N5584,1.3854275148051305,24.41646,0.42,-0.17799999999999905,0.0054600000000000004,0.89
N5584,1.3984608496082234,23.8596,0.42,-0.0129999999999999,0.0054600000000000004,1.4
N5584,1.3991543339582164,24.789260000000002,0.29,0.0030000000000001137,0.0054600000000000004,1.09
N5584,1.4077307280263354,24.48628,0.53,0.18100000000000094,0.0054600000000000004,1.02
N5584,1.4080702858871854,24.59084,0.31,-0.1739999999999995,0.0054600000000000004,1.06
N5584,1.4209454059219722,23.92276,0.39,0.021000000000000796,0.0054600000000000004,1.34
N5584,1.426023015689876,24.82452,0.35,0.0990000000000002,0.0054600000000000004,1.18
N5584,1.426836453803508,24.436980000000002,0.52,-0.002000000000000668,0.0054600000000000004,1.07
N5584,1.4398062113933303,24.45786,0.31,-0.08300000000000018,0.0054600000000000004,0.99
N5584,1.4451369687133042,24.0782,0.35,-0.058999999999999275,0.0054600000000000004,1.3
N5584,1.4507108781469193,24.57576,0.33,0.02800000000000047,0.0054600000000000004,0.84
N5584,1.4527062265110289,24.2217,0.55,-0.0259999999999998,0.0054600000000000004,1.55
N5584,1.4604467838807205,24.57576,0.41,0.08699999999999974,0.0054600000000000004,0.84
N5584,1.4699692094999595,24.041539999999998,0.27,-0.15399999999999991,0.0054600000000000004,1.11
N5584,1.4772659954248526,24.17996,0.42,0.21499999999999986,0.0054600000000000004,1.14
N5584,1.4781334281005176,24.27874,0.34,0.25200000000000067,0.0054600000000000004,0.91
N5584,1.4795753101749884,24.2154,0.25,-0.23000000000000043,0.0054600000000000004,1.1
N5584,1.480868923687168,23.94698,0.4,0.2010000000000005,0.0054600000000000004,1.07
N5584,1.4815859363676223,24.3068,0.46,0.08200000000000074,0.0054600000000000004,1.2
N5584,1.4842998393467859,24.484180000000002,0.32,-0.010999999999999233,0.0054600000000000004,0.87
N5584,1.4923412532549745,23.791539999999998,0.27,-0.057000000000000384,0.0054600000000000004,1.11
N5584,1.496514518697745,24.039260000000002,0.25,-0.04299999999999926,0.0054600000000000004,1.09
N5584,1.5050142400841071,23.71452,0.5,0.1330000000000009,0.0054600000000000004,1.18
N5584,1.529045170765769,23.584180000000003,0.36,-0.11100000000000065,0.0054600000000000004,0.87
N5584,1.5314789170422551,24.624000000000002,0.42,0.13100000000000023,0.0054600000000000004,1.0
N5584,1.537063142781617,24.35628,0.38,0.22900000000000098,0.0054600000000000004,1.02
N5584,1.545059584694003,24.22416,0.34,-0.08999999999999986,0.0054600000000000004,1.44
N5584,1.5596672783880576,23.6789,0.39,-0.05000000000000071,0.0054600000000000004,1.35
N5584,1.5621738633646483,23.89874,0.37,0.04499999999999993,0.0054600000000000004,0.91
N5584,1.5628873812938793,23.82644,0.46,0.15399999999999991,0.0054600000000000004,1.46
N5584,1.5632437011403981,24.127860000000002,0.32,-0.12700000000000067,0.0054600000000000004,0.99
N5584,1.5669086552268034,23.49962,0.34,0.0129999999999999,0.0054600000000000004,0.83
N5584,1.570192561095726,23.77786,0.22,-0.09500000000000064,0.0054600000000000004,0.99
N5584,1.5802405082653763,23.69662,0.23,-0.16000000000000014,0.0054600000000000004,1.33
N5584,1.5806969397124366,24.28224,0.31,0.11700000000000088,0.0054600000000000004,1.16
N5584,1.5821770376884088,24.17434,0.46,0.26500000000000057,0.0054600000000000004,1.31
N5584,1.585347911094591,24.687160000000002,0.46,0.17600000000000016,0.0054600000000000004,0.94
N5584,1.5872618496925341,24.08312,0.24,-0.09399999999999942,0.0054600000000000004,1.08
N5584,1.5928426831311002,23.53312,0.34,0.11400000000000077,0.0054600000000000004,1.08
N5584,1.592953571547866,24.13644,0.34,-0.032999999999999474,0.0054600000000000004,1.46
N5584,1.5957166199434245,24.11242,0.26,-0.11500000000000021,0.0054600000000000004,1.03
N5584,1.6016254795539446,23.76416,0.26,0.032999999999999474,0.0054600000000000004,1.44
N5584,1.607669436688243,24.5275,0.29,0.08099999999999952,0.0054600000000000004,1.25
N5584,1.6182573448404014,23.97838,0.34,0.05600000000000094,0.0054600000000000004,1.17
N5584,1.638189640190837,23.68628,0.37,0.14400000000000013,0.0054600000000000004,1.02
N5584,1.638389407665336,23.57188,0.34,-0.16600000000000037,0.0054600000000000004,1.42
N5584,1.6429588794097907,23.3296,0.37,0.1590000000000007,0.0054600000000000004,1.4
N5584,1.6649238934380817,23.73926,0.19,-0.1169999999999991,0.0054600000000000004,1.09
N5584,1.6698745024898025,23.75188,0.37,0.11700000000000088,0.0054600000000000004,1.42
N5584,1.680698029697635,23.468719999999998,0.35,-0.04400000000000048,0.0054600000000000004,1.48
N5584,1.683137131483007,23.346619999999998,0.35,0.1880000000000006,0.0054600000000000004,1.33
N5584,1.6904618932461783,24.02874,0.25,0.032999999999999474,0.0054600000000000004,0.91
N5584,1.6932871570056556,23.848200000000002,0.17,-0.13199999999999967,0.0054600000000000004,1.3
N5584,1.714078164981856,22.9868,0.26,0.0519999999999996,0.0054600000000000004,1.2
N5584,1.7154183225950563,23.19592,0.28,0.18100000000000094,0.0054600000000000004,1.28
N5584,1.7174208367223749,23.62838,0.31,0.26200000000000045,0.0054600000000000004,1.17
N5584,1.7288405683399715,23.096619999999998,0.25,0.01699999999999946,0.0054600000000000004,1.33
N5584,1.741466761769755,23.109260000000003,0.25,-0.002000000000000668,0.0054600000000000004,1.09
N5584,1.7495044238761424,23.19118,0.2,0.0860000000000003,0.0054600000000000004,1.37
N5584,1.7537362221750101,23.5105,0.24,-0.1479999999999997,0.0054600000000000004,0.75
N5584,1.7622282842864745,23.08768,0.25,0.04899999999999949,0.0054600000000000004,1.12
N5584,1.7703364410951492,24.05118,0.27,-0.0600000000000005,0.0054600000000000004,1.37
N5584,1.7785130117389247,23.28996,0.2,0.05400000000000027,0.0054600000000000004,1.14
N5584,1.782114147479071,23.661360000000002,0.4,0.1899999999999995,0.0054600000000000004,1.24
N5584,1.7823292689968369,23.64504,0.24,-0.1169999999999991,0.0054600000000000004,1.36
N5584,1.791971201020768,22.96786,0.26,0.04800000000000004,0.0054600000000000004,0.99
N5584,1.800166990201364,23.527160000000002,0.23,-0.12100000000000044,0.0054600000000000004,0.94
N5584,1.806790271584067,23.69084,0.22,0.05000000000000071,0.0054600000000000004,1.06
N5584,1.8541237821011671,23.12838,0.17,0.04400000000000048,0.0054600000000000004,1.17
N5584,1.8726806071519297,23.262240000000002,0.21,0.10200000000000031,0.0054600000000000004,1.16
N5584,1.9002578584377776,22.78662,0.18,-0.08399999999999963,0.0054600000000000004,1.33
N5584,1.9095560292411753,23.161360000000002,0.2,0.12599999999999945,0.0054600000000000004,1.24
N5584,1.9104109399146882,22.75066,0.19,-0.08099999999999952,0.0054600000000000004,1.19
N5584,1.9299805905155147,22.99698,0.25,0.012000000000000455,0.0054600000000000004,1.07
N5584,1.9469923407483722,22.70592,0.22,-0.019999999999999574,0.0054600000000000004,1.28
N5584,1.9901167660679044,22.57714,0.16,-0.0129999999999999,0.0054600000000000004,1.51
N5917,1.4144719496293028,24.85048,0.52,-0.2469999999999999,0.00635,1.32
N5917,1.4315245841874509,25.00644,0.36,-0.2469999999999999,0.00635,1.46
N5917,1.4546924492394768,25.01838,0.25,-0.2469999999999999,0.00635,1.17
N5917,1.4598446423882079,25.136280000000003,0.38,-0.2469999999999999,0.00635,1.02
N5917,1.5282737771670438,24.74576,0.38,-0.2469999999999999,0.00635,0.84
N5917,1.5314789170422551,24.81328,0.25,-0.2469999999999999,0.00635,1.52
N5917,1.6030360562505217,23.76802,0.49,-0.2469999999999999,0.00635,1.43
N5917,1.6657685507193798,23.785220000000002,0.39,-0.2469999999999999,0.00635,1.23
N5917,1.6885977750811698,23.50732,0.5,-0.2469999999999999,0.00635,1.38
N5917,1.701481635620927,24.40768,0.5,-0.2469999999999999,0.00635,1.12
N5917,1.7017406324372124,24.40348,0.46,-0.2469999999999999,0.00635,0.82
N5917,1.7052648623174043,23.48048,0.34,-0.2469999999999999,0.00635,1.32
N5917,1.7259116322950483,24.31944,0.3,-0.2469999999999999,0.00635,0.96
N7250,1.1778249718646818,24.87942,0.69,-0.21899999999999942,0.0038900000000000002,1.53
N7250,1.182414652434554,23.75626,0.56,-0.21899999999999942,0.0038900000000000002,1.59
N7250,1.1832698436828046,24.84646,0.46,-0.21899999999999942,0.0038900000000000002,0.89
N7250,1.2008504980910775,24.471539999999997,0.57,-0.21899999999999942,0.0038900000000000002,1.11
N7250,1.2415464805965484,25.083280000000002,0.66,-0.21899999999999942,0.0038900000000000002,1.52
N7250,1.2457593559672768,24.05468,0.4,-0.21899999999999942,0.0038900000000000002,1.62
N7250,1.2641091563058084,24.87838,0.56,-0.21899999999999942,0.0038900000000000002,1.17
N7250,1.2674064187529042,24.398380000000003,0.43,-0.21899999999999942,0.0038900000000000002,1.17
N7250,1.2873537727147466,24.892419999999998,0.6,-0.21899999999999942,0.0038900000000000002,1.03
N7250,1.3003780648707026,24.17276,0.25,-0.21899999999999942,0.0038900000000000002,1.34
N7250,1.308991029000164,24.7417,0.37,-0.21899999999999942,0.0038900000000000002,1.55
N7250,1.310480891462675,24.53698,0.31,-0.21899999999999942,0.0038900000000000002,1.07
N7250,1.3240765797394864,25.04872,0.6,-0.21899999999999942,0.0038900000000000002,1.48
N7250,1.4514794051248618,24.44924,0.28,-0.21899999999999942,0.0038900000000000002,1.66
N7250,1.5399538416563967,24.0873,0.43,-0.21899999999999942,0.0038900000000000002,1.95
N7250,1.5570257223863833,23.14328,0.53,-0.21899999999999942,0.0038900000000000002,1.52
N7250,1.6232492903979006,23.29224,0.58,-0.21899999999999942,0.0038900000000000002,1.16
N7250,1.6384892569546374,23.59592,0.32,-0.21899999999999942,0.0038900000000000002,1.28
N7250,1.7317498835272633,23.506619999999998,0.16,-0.21899999999999942,0.0038900000000000002,1.33
N7250,1.784189205380961,22.598200000000002,0.36,-0.21899999999999942,0.0038900000000000002,1.3
N7250,1.8650447216930992,22.48942,0.55,-0.21899999999999942,0.0038900000000000002,1.53
N7250,1.919601023784111,22.790480000000002,0.17,-0.21899999999999942,0.0038900000000000002,1.32
U9391,1.4104397862103466,25.57802,0.51,-0.010999999999999233,0.00638,1.43
U9391,1.4121244061733171,25.3233,0.36,0.025000000000000355,0.00638,0.95
U9391,1.4380674504534938,24.88522,0.45,0.05600000000000094,0.00638,1.23
U9391,1.446381812222442,26.07962,0.48,-0.0909999999999993,0.00638,0.83
U9391,1.4522465745204372,24.403460000000003,0.51,0.08900000000000041,0.00638,1.39
U9391,1.455453968778628,25.94348,0.46,0.0009999999999994458,0.00638,0.82
U9391,1.4869968884318225,25.37962,0.34,-0.08300000000000018,0.00638,0.83
U9391,1.504470862494419,25.40364,0.24,-0.03999999999999915,0.00638,1.26
U9391,1.5145477526602862,25.32488,0.34,-0.13299999999999912,0.00638,0.92
U9391,1.5384480517102173,25.81646,0.25,-0.11899999999999977,0.00638,0.89
U9391,1.5475285764597821,25.43488,0.2,-0.3049999999999997,0.00638,0.92
U9391,1.5504729571065634,24.77418,0.22,-0.08999999999999986,0.00638,0.87
U9391,1.569958818096594,25.096980000000002,0.32,-0.10699999999999932,0.00638,1.07
U9391,1.5761108941208397,24.5696,0.34,-0.07000000000000028,0.00638,1.4
U9391,1.5919545550467356,25.1196,0.51,0.06099999999999994,0.00638,1.4
U9391,1.6012993101943376,25.364,0.26,-0.08999999999999986,0.00638,1.0
U9391,1.6353832040474985,24.70856,0.32,0.051000000000000156,0.00638,1.04
U9391,1.6400837313731202,25.34996,0.4,0.08099999999999952,0.00638,1.14
U9391,1.648164778574001,25.51504,0.4,0.013999999999999346,0.00638,1.36
U9391,1.652149605401653,24.99048,0.19,-0.1869999999999994,0.00638,1.32
U9391,1.6550423413312016,24.25856,0.25,-0.013999999999999346,0.00638,1.04
U9391,1.716170347859854,24.12504,0.45,0.1639999999999997,0.00638,1.36
U9391,1.7246853882373594,24.98574,0.43,0.18100000000000094,0.00638,1.41
U9391,1.74170298395774,24.88206,0.41,0.11599999999999966,0.00638,1.29
U9391,1.7553411838115476,24.744880000000002,0.14,-0.1120000000000001,0.00638,0.92
U9391,1.8483738838446018,23.98628,0.24,0.08800000000000097,0.00638,1.02
U9391,1.853211334503317,23.96118,0.23,0.0389999999999997,0.00638,1.37
U9391,1.9190257645873603,24.06504,0.28,0.12199999999999989,0.00638,1.36
