name,mB,sig_mB,z,sig_z
03D1au,22.93445,0.12605,0.50349,0.0
03D1ax,22.8802,0.11765,0.4952,0.0
03D1co,24.0377,0.2056,0.6782,0.0
03D1ew,24.34685,0.17385,0.8672,0.0
03D1fq,24.3605,0.17435,0.7992,0.0
03D3ay,22.28785,0.1245,0.37129,0.0
03D3bl,22.05915,0.12645,0.35568,0.0
03D4ag,21.40915,0.1028,0.28391,0.0
03D4au,23.21635,0.1587,0.46691,0.0
03D4cx,24.41155,0.1642,0.94791,0.0
03D4cz,23.79645,0.24445,0.69391,0.0
03D4di,24.40275,0.16645,0.89791,0.0
03D4fd,24.2188,0.11585,0.78991,0.0
03D4gg,23.3354,0.1666,0.59091,0.0
04D1dc,20.64495,0.10525,0.2102,0.0
04D1ff,24.1237,0.1478,0.8592,0.0
04D1hx,23.1648,0.1335,0.5592,0.0
04D1iv,24.69965,0.1408,0.9972,0.0
04D1jg,23.34385,0.1258,0.5834,0.0
04D1ks,23.85445,0.1588,0.7972,0.0
04D1ow,24.37895,0.13735,0.9142,0.0
04D1pd,24.66675,0.15105,0.94921,0.0
04D1pp,23.8481,0.15575,0.7342,0.0
04D1qd,24.10805,0.1549,0.7662,0.0
04D1rx,24.828,0.153,0.9842,0.0
04D1si,23.7492,0.1738,0.7012,0.0
04D2al,24.1545,0.1807,0.83716,0.0
04D2cf,22.1401,0.1211,0.37016,0.0
04D2fs,21.95965,0.1186,0.35816,0.0
04D2gc,23.15915,0.14165,0.52216,0.0
04D2iu,23.7115,0.26255,0.70116,0.0
04D2kr,23.8056,0.16465,0.74526,0.0
04D2mh,23.2429,0.12625,0.59116,0.0
04D3co,23.5114,0.1131,0.62039,0.0
04D3dd,25.0798,0.19135,1.0024,0.0
04D3do,23.47615,0.1329,0.6104,0.0
04D3fk,21.9694,0.11425,0.35819,0.0
04D3gt,22.4159,0.12515,0.45138,0.0
04D3hn,22.98515,0.13425,0.55239,0.0
04D3ks,23.763,0.19155,0.75039,0.0
04D3lu,24.3356,0.14625,0.82238,0.0
04D3ml,24.68515,0.14485,0.95039,0.0
04D3nh,21.9463,0.10555,0.34039,0.0
04D3ny,24.0795,0.17055,0.8104,0.0
04D4an,23.7392,0.1593,0.61191,0.0
04D4bq,22.8926,0.1438,0.54891,0.0
04D4dw,24.7289,0.16015,1.02991,0.0
04D4gg,22.35675,0.1192,0.42291,0.0
04D4hu,23.90875,0.1805,0.70191,0.0
04D4ic,23.844,0.2326,0.68591,0.0
04D4ih,24.54795,0.15235,0.93291,0.0
04D4im,23.81055,0.18275,0.74991,0.0
04D4jr,22.73255,0.11785,0.46891,0.0
04D4jw,24.80665,0.17245,0.95991,0.0
05D1az,24.22255,0.1456,0.8412,0.0
05D1cc,23.2428,0.11755,0.5632,0.0
05D1cl,24.39785,0.1526,0.8292,0.0
05D1dx,23.22495,0.12065,0.57921,0.0
05D1em,24.3693,0.14625,0.8652,0.0
05D1er,24.4442,0.16535,0.8592,0.0
05D1hm,23.5694,0.1417,0.58621,0.0
05D1ix,22.8653,0.1136,0.4892,0.0
05D1ke,23.6132,0.1518,0.68921,0.0
05D2ab,21.79365,0.10225,0.32416,0.0
05D2ah,20.4558,0.10405,0.18516,0.0
05D2bt,23.59755,0.1484,0.68116,0.0
05D2bw,24.355,0.1708,0.92116,0.0
05D2cb,22.751,0.1294,0.42816,0.0
05D2ck,23.95255,0.2153,0.69916,0.0
05D2dt,23.38495,0.13845,0.57516,0.0
05D2dy,23.11305,0.1165,0.51116,0.0
05D2ec,23.62155,0.1659,0.64116,0.0
05D2hc,22.2272,0.1136,0.35116,0.0
05D2ie,22.14445,0.11065,0.34916,0.0
05D2mp,22.23665,0.113,0.35486,0.0
05D2nn,24.3402,0.1332,0.87116,0.0
05D2ob,24.7687,0.10935,0.92516,0.0
05D3cf,22.59095,0.12095,0.4194,0.0
05D3cq,24.1804,0.14085,0.89038,0.0
05D3dd,22.7752,0.1151,0.48038,0.0
05D3gp,23.36785,0.1608,0.58038,0.0
05D3ha,24.09575,0.1555,0.80538,0.0
05D3hs,23.6337,0.1611,0.66438,0.0
05D3jb,24.00735,0.1527,0.74538,0.0
05D3jk,23.77845,0.1399,0.7364,0.0
05D3jr,22.04575,0.11295,0.37039,0.0
05D3kp,24.31865,0.1304,0.85039,0.0
05D3kx,20.8469,0.1023,0.21938,0.0
05D3lb,23.6259,0.1613,0.64739,0.0
05D3lr,23.4022,0.15455,0.60038,0.0
05D3mn,23.92525,0.14995,0.76039,0.0
05D3mx,22.804,0.1221,0.47039,0.0
05D4af,22.9275,0.13225,0.49791,0.0
05D4av,22.9705,0.1253,0.50791,0.0
05D4bf,23.44375,0.14055,0.58791,0.0
05D4bj,23.77905,0.15635,0.69992,0.0
05D4cn,24.05415,0.16035,0.76191,0.0
05D4cs,24.1069,0.13815,0.78891,0.0
05D4dt,22.564,0.11045,0.40591,0.0
05D4dy,24.55735,0.16345,0.80892,0.0
05D4ej,23.6081,0.12955,0.58392,0.0
05D4ev,24.0226,0.19335,0.72091,0.0
05D4fg,24.3054,0.1427,0.83791,0.0
05D4gw,24.2544,0.1837,0.80691,0.0
06D2bk,23.0505,0.13595,0.50016,0.0
06D2cc,22.9345,0.1665,0.53316,0.0
06D2ce,24.1676,0.18525,0.82116,0.0
06D2fb,19.4684,0.10355,0.12516,0.0
06D2gb,22.57415,0.1349,0.44316,0.0
06D3cc,23.9441,0.2905,0.68339,0.0
06D3do,23.90005,0.1628,0.72639,0.0
06D3ed,22.44625,0.1075,0.40439,0.0
06D3em,23.7527,0.18375,0.69038,0.0
06D3et,23.2437,0.1229,0.57639,0.0
06D3gh,23.87645,0.2029,0.72039,0.0
06D4bo,23.16815,0.1249,0.55091,0.0
06D4ce,24.3105,0.16975,0.8489,0.0
06D4co,22.36675,0.109,0.43591,0.0
06D4dh,21.64245,0.0939,0.30191,0.0
03D1aw,23.52355,0.1372,0.58119,0.0
03D1bp,22.11525,0.111,0.34621,0.0
03D1fc,21.7829,0.10685,0.3312,0.0
03D3aw,22.78895,0.14135,0.44939,0.0
03D3ba,21.47215,0.12535,0.2916,0.0
03D3cd,22.62945,0.13775,0.46109,0.0
03D4at,23.66065,0.20445,0.63291,0.0
03D4cj,21.1762,0.0993,0.26891,0.0
03D4cy,24.7416,0.1923,0.92591,0.0
03D4dh,23.46015,0.1303,0.62591,0.0
03D4dy,23.3767,0.1266,0.60891,0.0
03D4gf,23.2373,0.13895,0.57891,0.0
04D1aj,23.82525,0.2057,0.7202,0.0
04D1de,24.24705,0.1593,0.7672,0.0
04D1hd,22.24455,0.1019,0.3682,0.0
04D1hy,24.33175,0.14855,0.8492,0.0
04D1jd,24.0942,0.17835,0.77721,0.0
04D1kj,23.2686,0.09915,0.58421,0.0
04D1oh,23.30085,0.13005,0.5892,0.0
04D1pc,24.2078,0.16885,0.7692,0.0
04D1pg,23.12745,0.1329,0.5142,0.0
04D1pu,23.37,0.2329,0.63821,0.0
04D1rh,22.5623,0.1145,0.43521,0.0
04D1sa,23.46355,0.14025,0.58421,0.0
04D1sk,23.74875,0.17955,0.66259,0.0
04D2an,23.4108,0.1628,0.62116,0.0
04D2fp,22.5154,0.11755,0.41616,0.0
04D2gb,22.36265,0.1377,0.45117,0.0
04D2gp,24.04855,0.24055,0.73316,0.0
04D2ja,24.26275,0.21515,0.74116,0.0
04D2mc,21.74,0.12,0.34916,0.0
04D2mj,23.18845,0.1355,0.51416,0.0
04D3cy,23.60755,0.1943,0.64339,0.0
04D3df,22.65205,0.12925,0.4704,0.0
04D3ez,21.15515,0.1079,0.26338,0.0
04D3fq,23.92255,0.19885,0.7424,0.0
04D3gx,24.6116,0.16365,0.91039,0.0
04D3kr,21.9137,0.10655,0.3374,0.0
04D3lp,24.92305,0.1439,0.98339,0.0
04D3mk,24.26675,0.14105,0.81338,0.0
04D3nc,24.3431,0.12085,0.8174,0.0
04D3nr,24.5736,0.1577,0.96038,0.0
04D3oe,24.03965,0.1583,0.75639,0.0
04D4bk,24.42165,0.14325,0.87891,0.0
04D4dm,24.20795,0.1668,0.80991,0.0
04D4fx,23.4134,0.138,0.62791,0.0
04D4hf,24.7653,0.2009,0.93491,0.0
04D4ib,23.78265,0.16195,0.69791,0.0
04D4id,24.3849,0.17855,0.76791,0.0
04D4ii,24.39625,0.15285,0.86491,0.0
04D4in,22.98745,0.11725,0.51491,0.0
04D4ju,23.1005,0.141,0.47091,0.0
04D4jy,24.7789,0.1829,0.92891,0.0
05D1cb,23.4092,0.1432,0.6312,0.0
05D1ck,23.56625,0.1433,0.6162,0.0
05D1dn,23.2891,0.13595,0.5652,0.0
05D1ee,23.2494,0.1349,0.55819,0.0
05D1eo,24.06925,0.19205,0.7362,0.0
05D1hk,21.15835,0.1082,0.2622,0.0
05D1if,23.97575,0.15445,0.7622,0.0
05D1iz,24.54425,0.17845,0.8592,0.0
05D1kl,23.6061,0.15165,0.5592,0.0
05D2ac,22.74835,0.1138,0.48016,0.0
05D2ay,24.57175,0.18725,0.92116,0.0
05D2bv,22.6952,0.109,0.47516,0.0
05D2by,24.5781,0.1577,0.89216,0.0
05D2ci,23.1617,0.17705,0.63116,0.0
05D2ct,24.02845,0.2108,0.73516,0.0
05D2dw,22.38625,0.1152,0.41816,0.0
05D2eb,22.98355,0.1266,0.53516,0.0
05D2fq,24.09175,0.17825,0.73416,0.0
05D2he,23.5447,0.14865,0.60916,0.0
05D2le,23.8387,0.16475,0.70116,0.0
05D2my,24.78095,0.143,0.98216,0.0
05D2nt,24.0557,0.15165,0.75816,0.0
05D3ax,23.6045,0.2013,0.64339,0.0
05D3ci,23.02365,0.1762,0.51539,0.0
05D3cx,24.0139,0.1301,0.80538,0.0
05D3dh,23.82255,0.1606,0.80039,0.0
05D3gv,23.84395,0.19425,0.71538,0.0
05D3hh,24.2307,0.1806,0.76639,0.0
05D3ht,24.5128,0.1511,0.90139,0.0
05D3jh,23.68915,0.15095,0.71839,0.0
05D3jq,23.1779,0.1197,0.57938,0.0
05D3km,24.80925,0.14255,0.96038,0.0
05D3kt,23.53665,0.159,0.64839,0.0
05D3la,24.4717,0.1405,0.93639,0.0
05D3lc,22.76265,0.11115,0.46138,0.0
05D3mh,23.78495,0.1775,0.67039,0.0
05D3mq,21.16055,0.10805,0.24639,0.0
05D4ag,23.49005,0.184,0.63892,0.0
05D4be,23.06945,0.11085,0.53591,0.0
05D4bi,24.17605,0.17625,0.77391,0.0
05D4bm,22.15255,0.1043,0.37091,0.0
05D4cq,23.88895,0.1728,0.69992,0.0
05D4cw,22.11185,0.1039,0.37391,0.0
05D4dw,24.3052,0.1508,0.85391,0.0
05D4ef,23.58805,0.1429,0.60392,0.0
05D4ek,22.9223,0.1289,0.53491,0.0
05D4ff,22.2601,0.1151,0.40091,0.0
05D4fo,22.20135,0.10745,0.37191,0.0
05D4hn,24.0253,0.15175,0.84091,0.0
06D2ca,23.059,0.11385,0.53216,0.0
06D2cd,24.704,0.21015,0.93116,0.0
06D2ck,23.2838,0.1242,0.55316,0.0
06D2ga,24.3261,0.1858,0.84116,0.0
06D3bz,23.8687,0.19785,0.72739,0.0
06D3df,22.67285,0.1137,0.44238,0.0
06D3dt,21.5746,0.1073,0.2824,0.0
06D3el,23.03865,0.109,0.5194,0.0
06D3en,24.6873,0.16415,1.06039,0.0
06D3fp,21.24725,0.1051,0.26838,0.0
06D3gn,21.1763,0.1114,0.2504,0.0
06D4ba,23.7924,0.2171,0.69892,0.0
06D4bw,23.7684,0.19115,0.73091,0.0
06D4cl,24.6122,0.0953,0.99891,0.0
06D4cq,22.451,0.10895,0.40991,0.0
744,19.5429,0.11965,0.12694,0.0
1112,21.3344,0.1818,0.25609,0.0
1241,18.64345,0.10605,0.08848,0.0
1371,19.19345,0.0991,0.11797,0.0
1580,20.2951,0.1284,0.18322,0.0
1794,19.871,0.11635,0.1407,0.0
2031,19.7933,0.10325,0.15186,0.0
2102,18.889,0.10285,0.09401,0.0
2165,21.6827,0.1504,0.28662,0.0
2422,21.3576,0.14295,0.26349,0.0
2635,19.79675,0.1047,0.1431,0.0
2689,19.9329,0.1156,0.16035,0.0
2916,19.3948,0.11665,0.12303,0.0
2992,19.36855,0.113,0.12608,0.0
3080,20.15345,0.09925,0.17315,0.0
3087,20.03175,0.1083,0.16431,0.0
3317,19.92285,0.11045,0.1599,0.0
3377,20.86815,0.1298,0.24448,0.0
3451,20.98175,0.13435,0.24835,0.0
4046,21.37075,0.15505,0.27544,0.0
4241,21.9321,0.1589,0.33051,0.0
4679,21.82885,0.1481,0.33103,0.0
5103,19.98615,0.10955,0.16059,0.0
5533,20.87005,0.13435,0.21887,0.0
5549,19.36835,0.1021,0.11991,0.0
5635,20.72835,0.1286,0.17839,0.0
5957,21.50115,0.13265,0.27923,0.0
5994,20.48365,0.1298,0.18581,0.0
6057,17.9881,0.1134,0.06641,0.0
6108,21.2775,0.14285,0.258,0.0
6196,21.2773,0.1398,0.2798,0.0
6315,21.0609,0.1301,0.26576,0.0
6422,20.37525,0.1056,0.185,0.0
6558,17.65695,0.1072,0.05715,0.0
6924,21.6733,0.1464,0.3264,0.0
7147,19.1721,0.10285,0.10886,0.0
7243,20.7001,0.1382,0.20323,0.0
7779,22.13745,0.1395,0.37986,0.0
7847,20.68915,0.12295,0.2116,0.0
8495,20.78295,0.1364,0.21353,0.0
8921,19.83575,0.113,0.14409,0.0
9032,21.1678,0.16095,0.25249,0.0
9457,21.2758,0.1749,0.25672,0.0
9467,20.976,0.1685,0.21885,0.0
12779,18.5397,0.12205,0.07883,0.0
12781,18.7438,0.11605,0.08282,0.0
12856,20.2489,0.107,0.17028,0.0
12881,20.87655,0.14325,0.2367,0.0
12883,21.3803,0.19765,0.30569,0.0
12898,18.5179,0.1055,0.08254,0.0
12927,20.2039,0.1187,0.18891,0.0
12950,18.511,0.10425,0.08141,0.0
12972,21.2564,0.16145,0.25655,0.0
13005,19.58525,0.13485,0.12622,0.0
13038,19.16175,0.1443,0.10264,0.0
13044,19.4784,0.1006,0.12455,0.0
13136,22.46065,0.1636,0.37046,0.0
13152,20.38595,0.11475,0.20215,0.0
13254,20.68245,0.14335,0.1799,0.0
13411,20.1359,0.1299,0.1618,0.0
13578,20.8771,0.141,0.22669,0.0
13610,21.4449,0.1446,0.29683,0.0
13689,21.20115,0.13305,0.25029,0.0
13736,19.91815,0.1063,0.14882,0.0
13796,19.776,0.10335,0.14729,0.0
14019,21.20185,0.1483,0.21513,0.0
14024,19.8106,0.13965,0.14478,0.0
14108,19.9293,0.1333,0.13243,0.0
14331,21.00055,0.1346,0.21975,0.0
14397,22.40575,0.14945,0.38492,0.0
14421,20.3461,0.1115,0.174,0.0
14451,20.20345,0.1224,0.17789,0.0
14735,21.51975,0.1301,0.29936,0.0
14871,19.44875,0.1339,0.11845,0.0
14979,20.2397,0.106,0.17653,0.0
15057,21.3752,0.1882,0.24552,0.0
15129,20.54825,0.11935,0.19611,0.0
15161,21.09655,0.1326,0.24852,0.0
15213,21.77705,0.16135,0.30632,0.0
15219,21.1569,0.13055,0.24637,0.0
15234,19.9671,0.1135,0.13514,0.0
15259,20.6402,0.1335,0.21054,0.0
15287,21.1547,0.12315,0.2363,0.0
15301,20.37535,0.1134,0.17851,0.0
15354,20.81795,0.15445,0.22068,0.0
15383,21.8201,0.1572,0.31494,0.0
15421,20.55175,0.1118,0.18443,0.0
15440,21.2036,0.13865,0.26129,0.0
15443,20.21145,0.10535,0.18123,0.0
15456,22.03255,0.1506,0.38048,0.0
15461,20.38765,0.1082,0.18481,0.0
15467,20.65465,0.12075,0.20847,0.0
15583,20.33625,0.12905,0.17706,0.0
15776,21.7168,0.15355,0.31582,0.0
15868,21.1676,0.1247,0.24973,0.0
15901,20.6509,0.11955,0.20368,0.0
16021,19.4198,0.10285,0.12336,0.0
16032,20.64385,0.12035,0.20318,0.0
16073,20.1226,0.10495,0.15339,0.0
16093,21.9349,0.1592,0.33439,0.0
16099,20.5286,0.1151,0.1958,0.0
16106,21.0769,0.14445,0.24973,0.0
16116,20.0251,0.1063,0.15509,0.0
16165,19.98785,0.12595,0.15596,0.0
16206,19.81685,0.12375,0.15837,0.0
16211,21.8114,0.19685,0.30938,0.0
16213,21.1261,0.1388,0.24857,0.0
16281,20.31575,0.1235,0.18507,0.0
17168,20.5074,0.1247,0.18376,0.0
17215,20.37965,0.13765,0.18079,0.0
17218,20.28545,0.129,0.17696,0.0
17220,20.0718,0.12115,0.17768,0.0
17240,18.0121,0.1254,0.0718,0.0
17366,19.66285,0.10475,0.13811,0.0
17389,20.46515,0.1317,0.1696,0.0
17464,20.7198,0.14705,0.24555,0.0
17497,19.81665,0.10485,0.14387,0.0
17552,21.2338,0.1462,0.25191,0.0
17784,16.7708,0.1166,0.03743,0.0
17791,21.8807,0.2055,0.27749,0.0
17809,21.2668,0.1491,0.28746,0.0
17811,20.61015,0.13895,0.19867,0.0
17825,20.07605,0.129,0.15999,0.0
17875,21.0136,0.15075,0.21075,0.0
17884,21.0147,0.1316,0.23775,0.0
18030,20.14265,0.11795,0.15517,0.0
18241,18.94955,0.14945,0.09391,0.0
18323,20.08555,0.11355,0.15271,0.0
18325,21.2741,0.1446,0.25722,0.0
18466,20.80065,0.1303,0.21226,0.0
18486,20.88445,0.13085,0.2454,0.0
18602,19.76485,0.11075,0.13696,0.0
18617,21.9051,0.1809,0.32569,0.0
18697,19.09035,0.10245,0.10638,0.0
18721,22.30585,0.1602,0.40127,0.0
18749,20.4864,0.13035,0.18931,0.0
18804,20.4352,0.1122,0.19726,0.0
18809,19.5616,0.132,0.12837,0.0
18835,19.44025,0.1033,0.12262,0.0
18855,19.59325,0.10365,0.12715,0.0
18927,20.67635,0.1429,0.21323,0.0
18940,20.727,0.12695,0.21099,0.0
18945,21.4883,0.15275,0.26856,0.0
18965,20.66435,0.12435,0.20453,0.0
19002,21.2859,0.12695,0.2701,0.0
19023,20.98075,0.15175,0.24185,0.0
19027,21.236,0.14645,0.29114,0.0
19067,21.81675,0.1515,0.35346,0.0
19128,21.60225,0.15435,0.28543,0.0
19230,20.6719,0.1534,0.21955,0.0
19282,20.24765,0.1249,0.17558,0.0
19341,20.9929,0.1458,0.23542,0.0
19353,19.99965,0.1096,0.15325,0.0
19425,20.90475,0.1584,0.21005,0.0
19596,21.51945,0.1501,0.29135,0.0
19632,21.8225,0.14945,0.31376,0.0
19775,19.7402,0.1138,0.13687,0.0
19794,21.7708,0.1925,0.29567,0.0
19818,21.49625,0.135,0.30394,0.0
19913,20.73155,0.1351,0.20557,0.0
19953,19.34125,0.09805,0.1219,0.0
19969,20.2369,0.11045,0.17428,0.0
19990,21.2028,0.13995,0.24883,0.0
20039,21.1159,0.14105,0.24558,0.0
20084,19.8495,0.1169,0.13833,0.0
20088,21.02795,0.1175,0.24315,0.0
20111,21.18455,0.15195,0.24267,0.0
20142,21.3618,0.137,0.31468,0.0
20227,21.4485,0.153,0.27573,0.0
20245,21.4204,0.15885,0.30041,0.0
20364,20.89395,0.15665,0.21728,0.0
20581,20.5734,0.12555,0.20335,0.0
20687,20.4061,0.1552,0.19025,0.0
21006,21.3714,0.15315,0.29021,0.0
21033,20.83435,0.15045,0.22786,0.0
21042,21.45975,0.15795,0.31065,0.0
21062,20.12265,0.11415,0.13729,0.0
21502,18.6796,0.1066,0.08784,0.0
722,18.62285,0.1057,0.08504,0.0
762,20.6486,0.11825,0.19009,0.0
774,18.8576,0.109,0.09227,0.0
1032,19.58985,0.12795,0.12903,0.0
1253,21.1668,0.15835,0.26166,0.0
2017,21.4559,0.17885,0.26162,0.0
2246,20.61715,0.12925,0.19422,0.0
2308,19.83975,0.1218,0.14703,0.0
2330,21.14485,0.1818,0.21179,0.0
2372,20.30175,0.11325,0.17958,0.0
2440,20.6928,0.11925,0.19029,0.0
2533,21.7897,0.1618,0.3388,0.0
2561,19.41925,0.10595,0.11741,0.0
2789,21.5295,0.1639,0.2889,0.0
2943,21.2679,0.15695,0.26405,0.0
3199,21.38165,0.1409,0.24961,0.0
3452,20.8794,0.1271,0.22967,0.0
3592,18.608,0.10035,0.08543,0.0
4000,21.62545,0.19055,0.27656,0.0
4577,22.1744,0.1645,0.36193,0.0
5391,21.62535,0.16525,0.30021,0.0
5395,19.38465,0.1036,0.11635,0.0
5550,19.83105,0.1045,0.15492,0.0
5717,21.2982,0.13225,0.25037,0.0
5736,21.209,0.1266,0.25174,0.0
5751,19.5471,0.1075,0.12928,0.0
5844,21.72385,0.1693,0.30929,0.0
6137,21.66705,0.1633,0.29888,0.0
6192,21.3419,0.169,0.27091,0.0
6249,21.57975,0.1437,0.29353,0.0
6304,20.46505,0.1185,0.18979,0.0
6406,19.4023,0.1022,0.12376,0.0
6649,21.63085,0.14295,0.31288,0.0
6699,21.83605,0.15525,0.30915,0.0
6780,20.60265,0.13765,0.20267,0.0
6933,20.6247,0.1276,0.21163,0.0
6936,20.4025,0.1152,0.1789,0.0
7143,21.872,0.13765,0.30354,0.0
7473,20.8217,0.1308,0.21457,0.0
7475,21.6956,0.1358,0.32045,0.0
7512,20.9318,0.14225,0.21835,0.0
7876,18.2988,0.10185,0.07523,0.0
8046,21.37115,0.15,0.2576,0.0
8213,20.3647,0.13065,0.18468,0.0
8719,19.29475,0.10185,0.11628,0.0
10028,17.87655,0.1109,0.06481,0.0
10434,19.16045,0.103,0.10288,0.0
10805,16.92415,0.11995,0.04437,0.0
12843,19.9345,0.12155,0.16595,0.0
12853,20.0523,0.1219,0.16817,0.0
12855,20.12375,0.14255,0.17063,0.0
12860,19.52005,0.11295,0.12042,0.0
12928,19.76995,0.1308,0.13868,0.0
12971,20.92065,0.1527,0.2338,0.0
12977,21.0223,0.14645,0.24643,0.0
13025,21.0804,0.1546,0.22286,0.0
13045,20.2809,0.1225,0.17915,0.0
13070,20.5818,0.1167,0.19718,0.0
13072,20.99445,0.14355,0.22916,0.0
13099,21.45355,0.1665,0.26451,0.0
13135,19.10195,0.1007,0.10337,0.0
13305,20.73185,0.12325,0.21338,0.0
13354,19.944,0.1104,0.15653,0.0
13506,21.24885,0.15475,0.2434,0.0
13511,21.2481,0.14335,0.23652,0.0
13641,20.70195,0.1319,0.20852,0.0
13655,21.4064,0.1659,0.25104,0.0
13727,20.861,0.12955,0.22534,0.0
13757,21.45405,0.14295,0.28742,0.0
13830,21.65335,0.14295,0.32984,0.0
13835,21.128,0.1225,0.24603,0.0
13894,19.65185,0.142,0.11966,0.0
13934,22.21015,0.20955,0.32931,0.0
14157,20.57655,0.1203,0.21082,0.0
14212,20.7349,0.1164,0.20308,0.0
14261,21.2982,0.13635,0.28436,0.0
14284,20.13755,0.10565,0.18037,0.0
14298,21.31275,0.1521,0.2607,0.0
14437,19.8403,0.1023,0.14792,0.0
14456,21.80515,0.13855,0.32793,0.0
14481,21.3452,0.1569,0.24206,0.0
14846,20.93075,0.1281,0.22334,0.0
14984,20.58185,0.1376,0.1828,0.0
15132,20.0024,0.10245,0.15304,0.0
15171,19.70325,0.10245,0.13818,0.0
15201,21.03995,0.18575,0.20735,0.0
15203,20.64165,0.1209,0.20313,0.0
15222,20.49105,0.129,0.19801,0.0
15229,20.9356,0.1392,0.22256,0.0
15356,21.30625,0.14505,0.2734,0.0
15365,20.52515,0.11385,0.18651,0.0
15425,19.83815,0.1054,0.15935,0.0
15433,20.8854,0.1261,0.21935,0.0
15453,20.4812,0.1283,0.17373,0.0
15466,20.96025,0.1449,0.24436,0.0
15508,19.59395,0.101,0.13353,0.0
15584,21.4441,0.13595,0.28332,0.0
15648,20.3284,0.1373,0.17383,0.0
15674,20.70795,0.1369,0.19654,0.0
15704,22.26255,0.14325,0.36952,0.0
15872,20.5658,0.12095,0.20548,0.0
15897,20.28215,0.12665,0.17357,0.0
16069,19.526,0.1097,0.12688,0.0
16072,21.474,0.15145,0.28434,0.0
16100,20.5958,0.1361,0.19392,0.0
16185,18.95705,0.11145,0.10018,0.0
16232,22.3047,0.0854,0.37425,0.0
16259,19.35185,0.11365,0.11771,0.0
16276,20.5315,0.1404,0.19176,0.0
16350,21.01435,0.146,0.23684,0.0
17171,19.99615,0.1245,0.15899,0.0
17186,18.7576,0.11205,0.07877,0.0
17208,19.99935,0.13335,0.13864,0.0
17223,20.88475,0.1537,0.23381,0.0
17253,20.02475,0.15485,0.15689,0.0
17258,18.4809,0.11615,0.08806,0.0
17280,19.79635,0.12165,0.13045,0.0
17332,20.3359,0.12625,0.18203,0.0
17340,21.13985,0.14805,0.25625,0.0
17435,20.8123,0.13625,0.21674,0.0
17605,19.90865,0.1399,0.14533,0.0
17629,19.58645,0.1105,0.13639,0.0
17801,20.934,0.1568,0.20515,0.0
18091,22.04745,0.1558,0.36976,0.0
18415,19.61205,0.10875,0.1294,0.0
18463,21.33225,0.14765,0.26687,0.0
18485,21.3866,0.13915,0.27822,0.0
18604,20.5056,0.1317,0.17483,0.0
18612,19.1271,0.10675,0.11364,0.0
18650,19.38095,0.1026,0.11242,0.0
18740,19.8424,0.10465,0.15317,0.0
18768,20.7379,0.13845,0.19671,0.0
18787,20.88525,0.12885,0.18914,0.0
18807,20.47675,0.1273,0.17625,0.0
19008,20.7809,0.13945,0.21757,0.0
19101,20.33785,0.1283,0.18563,0.0
19174,20.0237,0.11915,0.16356,0.0
19207,21.34695,0.16715,0.25721,0.0
19543,19.58065,0.13445,0.12164,0.0
19616,20.09405,0.10665,0.16455,0.0
19658,20.6407,0.1317,0.19862,0.0
19702,21.39935,0.16265,0.26821,0.0
19757,22.165,0.1348,0.40128,0.0
19940,19.6731,0.12755,0.14581,0.0
19968,17.56165,0.10915,0.05573,0.0
19992,21.16495,0.15345,0.22452,0.0
20040,21.42305,0.15585,0.28655,0.0
20048,20.55265,0.14145,0.18388,0.0
20064,18.96075,0.10555,0.10351,0.0
20106,22.03,0.19055,0.33136,0.0
20144,20.76195,0.1415,0.21865,0.0
20345,21.035,0.1514,0.26357,0.0
20430,20.2483,0.1303,0.16284,0.0
20625,19.2184,0.10455,0.10683,0.0
20764,20.0849,0.11585,0.16477,0.0
21034,19.24475,0.10865,0.1075,0.0
22075,19.5083,0.1143,0.12899,0.0
2001ah,17.71775,0.12625,0.05948,0.0
2001az,17.0528,0.11665,0.04093,0.0
2001da,14.85645,0.1832,0.01705,0.0
2001en,14.59755,0.1613,0.01531,0.0
2001fe,14.6158,0.14905,0.01472,0.0
2001gb,15.97105,0.16165,0.02673,0.0
2001G,14.8718,0.1587,0.01732,0.0
2001ic,16.72085,0.19805,0.04437,0.0
2001V,14.4307,0.15405,0.01567,0.0
2002bf,15.6593,0.1718,0.02477,0.0
2002bz,16.7664,0.13185,0.038,0.0
2002ck,16.2413,0.123,0.0299,0.0
2002cr,13.90745,0.19825,0.01012,0.0
2002de,16.1648,0.1376,0.0258,0.0
2002dp,14.0496,0.2048,0.01038,0.0
2002eu,16.5851,0.2001,0.03791,0.0
2002G,16.45115,0.16785,0.03507,0.0
2002ha,14.4486,0.171,0.01268,0.0
2002he,15.82815,0.13295,0.02525,0.0
2002kf,15.3534,0.14115,0.01908,0.0
2003ae,16.36835,0.1667,0.03489,0.0
2003ch,16.3438,0.12735,0.0295,0.0
2003cq,16.57565,0.1563,0.03416,0.0
2003fa,16.7928,0.1127,0.04067,0.0
2003hu,17.8882,0.1248,0.07515,0.0
2003ic,17.23215,0.12285,0.05581,0.0
2003it,15.7896,0.1405,0.02529,0.0
2003iv,16.6581,0.12485,0.03501,0.0
2003U,16.0051,0.13405,0.02846,0.0
2004as,16.64085,0.12525,0.0328,0.0
2004L,16.38795,0.1403,0.03378,0.0
2005hc,17.2822,0.1025,0.04597,0.0
2005hf,16.93145,0.1209,0.04341,0.0
2005hj,17.73355,0.1203,0.05684,0.0
2005ki,15.2868,0.12735,0.02024,0.0
2005lu,16.59205,0.12775,0.03191,0.0
2005lz,16.9967,0.1259,0.0415,0.0
2005mc,15.93305,0.1399,0.02639,0.0
2005ms,16.06745,0.1248,0.02651,0.0
2005na,15.87545,0.126,0.02689,0.0
2006ac,15.6236,0.1338,0.02349,0.0
2006ah,17.57225,0.158,0.05067,0.0
2006ak,16.7302,0.1297,0.04093,0.0
2006al,18.16815,0.11055,0.06877,0.0
2006ax,14.9841,0.1341,0.01754,0.0
2006bb,15.8607,0.1496,0.02557,0.0
2006bq,15.53085,0.1381,0.02189,0.0
2006bw,16.1279,0.14115,0.03155,0.0
2006cj,18.31035,0.1248,0.06845,0.0
2006cp,15.56975,0.1391,0.02249,0.0
2006cq,17.32405,0.12545,0.04949,0.0
2006en,16.3736,0.12625,0.03161,0.0
2006gr,16.61295,0.1249,0.03434,0.0
2006gt,17.2055,0.14795,0.04486,0.0
2006hb,14.74935,0.1526,0.01531,0.0
2006is,16.25295,0.1342,0.03048,0.0
2006je,16.9021,0.16555,0.03837,0.0
2006mo,16.77055,0.12655,0.03682,0.0
2006mp,15.7795,0.13695,0.0221,0.0
2006N,14.64805,0.16195,0.01402,0.0
2006oa,17.792,0.11395,0.0589,0.0
2006ob,17.7707,0.10045,0.05895,0.0
2006on,18.1778,0.15105,0.06888,0.0
2006or,15.7067,0.156,0.0204,0.0
2006qo,16.02685,0.1316,0.02894,0.0
2006sr,15.7013,0.1335,0.02384,0.0
2006td,14.89705,0.16765,0.01451,0.0
2006te,16.452,0.1185,0.03292,0.0
2007ae,17.78945,0.1136,0.06455,0.0
2007ap,15.01385,0.15025,0.01663,0.0
2007ar,17.4687,0.1439,0.05359,0.0
2007bd,16.21965,0.11945,0.03163,0.0
2007co,15.9978,0.1291,0.02751,0.0
2007cq,15.5514,0.1259,0.02559,0.0
2007F,15.78645,0.12635,0.02401,0.0
2007O,16.56045,0.1177,0.03713,0.0
2008af,16.39975,0.12455,0.03408,0.0
2008bf,15.6001,0.1278,0.02454,0.0
2008L,14.91335,0.1531,0.01697,0.0
2007A,15.17685,0.15115,0.01629,0.0
2007aj,16.34225,0.12125,0.03184,0.0
2007cb,16.74885,0.12725,0.037,0.0
2007cc,15.8648,0.1457,0.02932,0.0
2007fb,15.26595,0.1485,0.0174,0.0
2007hu,16.59205,0.1761,0.03578,0.0
2007is,16.04785,0.1364,0.02845,0.0
2007kh,17.2903,0.16335,0.05035,0.0
2007kk,16.93325,0.117,0.04269,0.0
2007ob,16.23615,0.1431,0.03212,0.0
2007su,16.0669,0.14255,0.02752,0.0
2007ux,16.28725,0.1419,0.03049,0.0
2008C,14.9294,0.1556,0.01724,0.0
2008Y,18.05925,0.1229,0.07063,0.0
2008ac,17.62205,0.1398,0.05344,0.0
2008ar,16.10835,0.12155,0.02878,0.0
2008at,16.42245,0.15235,0.03518,0.0
2008bw,16.4802,0.15235,0.03348,0.0
2008by,17.18185,0.11625,0.04651,0.0
2008bz,17.9246,0.11905,0.06119,0.0
2008cf,17.16275,0.12315,0.04714,0.0
2008ds,15.4466,0.1437,0.0212,0.0
2008fr,16.8206,0.11335,0.04028,0.0
2008gb,16.86145,0.1275,0.03863,0.0
2008gl,16.39225,0.12215,0.03314,0.0
2009D,15.68035,0.1291,0.02414,0.0
2009ad,16.1044,0.12155,0.02837,0.0
2009an,13.9248,0.20035,0.01043,0.0
2009ds,15.42955,0.14185,0.02038,0.0
2008050,16.9842,0.14465,0.0471,0.0
2008051,16.7074,0.1146,0.03984,0.0
2009kk,14.4566,0.1737,0.0122,0.0
2009kq,14.2811,0.1749,0.01271,0.0
2009le,14.9354,0.1562,0.01763,0.0
2009na,15.502,0.13615,0.02171,0.0
2009nq,14.86115,0.1939,0.01572,0.0
2010A,15.27645,0.15785,0.01972,0.0
2010H,14.92685,0.15925,0.01678,0.0
2010Y,14.4674,0.17765,0.01226,0.0
2010dt,17.57915,0.12805,0.05322,0.0
PTF10bjs,15.88935,0.45085,0.03055,0.0
2004ef,16.1733,0.12025,0.03001,0.0
2004eo,14.6193,0.15445,0.01506,0.0
2004ey,14.6705,0.1456,0.0153,0.0
2004gu,17.1679,0.1151,0.04713,0.0
2005be,16.515,0.1148,0.03411,0.0
2005bo,14.53545,0.1635,0.0152,0.0
2005el,14.69915,0.1491,0.01504,0.0
2005eq,16.23455,0.1179,0.02763,0.0
2005iq,16.59355,0.1061,0.03359,0.0
2005kc,14.6408,0.16555,0.01447,0.0
2005M,15.86575,0.1242,0.02547,0.0
2006bh,14.0086,0.18445,0.01082,0.0
2006ef,15.1,0.1498,0.01741,0.0
2006ej,15.30565,0.1353,0.02031,0.0
2006eq,17.4344,0.12175,0.04819,0.0
2006et,15.3918,0.13205,0.02223,0.0
2006ev,16.3465,0.12485,0.02811,0.0
2006lu,17.4521,0.1018,0.05458,0.0
2006py,17.60445,0.1094,0.05721,0.0
2007bc,15.36595,0.1368,0.02091,0.0
2007ca,14.99535,0.1656,0.01454,0.0
2007nq,16.97675,0.10685,0.0431,0.0
2008bq,16.3843,0.1205,0.03273,0.0
2008gp,16.35135,0.11105,0.03399,0.0
2008hv,14.47835,0.15385,0.01382,0.0
1993ac,17.42035,0.1224,0.05092,0.0
1993ae,15.0558,0.1465,0.01752,0.0
1994M,15.64995,0.13485,0.02482,0.0
1994Q,16.09165,0.13605,0.0288,0.0
1994S,14.7589,0.1525,0.01568,0.0
1995ak,15.36745,0.1436,0.02197,0.0
1996bl,16.4701,0.12025,0.03426,0.0
1996bv,14.6697,0.1558,0.01698,0.0
1996C,16.23595,0.1341,0.02752,0.0
1997dg,16.6071,0.12105,0.03438,0.0
1997E,14.55605,0.17285,0.01318,0.0
1997Y,14.9156,0.1511,0.01726,0.0
1998dk,13.9791,0.1914,0.01209,0.0
1998dx,17.3218,0.11385,0.05418,0.0
1998ec,15.45455,0.1578,0.0197,0.0
1998ef,14.6312,0.14705,0.01662,0.0
1998eg,15.8239,0.13525,0.02398,0.0
1999cc,16.31895,0.12075,0.03144,0.0
1999dq,14.1903,0.1716,0.01291,0.0
1999ef,16.99715,0.1201,0.03827,0.0
1999ej,14.9486,0.16405,0.01532,0.0
1999X,15.91835,0.1425,0.02643,0.0
2000B,15.02285,0.15165,0.0202,0.0
2000cf,16.8196,0.11505,0.0373,0.0
2000cn,15.66265,0.13895,0.02348,0.0
2000dk,14.8831,0.1518,0.01635,0.0
2000fa,15.5348,0.13625,0.02275,0.0
000006,21.0138,0.14645,0.2305,0.0
000011,22.52675,0.14085,0.3812,0.0
000034,21.09145,0.11245,0.2534,0.0
000091,19.93715,0.11585,0.1526,0.0
000142,22.84545,0.14185,0.4365,0.0
000190,19.15365,0.1077,0.1023,0.0
000199,22.12745,0.10645,0.3712,0.0
000215,22.7822,0.11645,0.4661,0.0
000236,20.50135,0.109,0.1959,0.0
000420,21.7417,0.10825,0.3112,0.0
010026,16.472,0.1289,0.0322,0.0
020027,19.29245,0.12085,0.1098,0.0
020096,20.723,0.12425,0.2255,0.0
020176,21.22765,0.12265,0.2604,0.0
030066,20.8629,0.1228,0.2253,0.0
040137,22.59905,0.1524,0.4474,0.0
040166,22.85455,0.16925,0.4399,0.0
040782,21.74045,0.14605,0.3374,0.0
050005,22.8422,0.14315,0.5283,0.0
050203,23.2359,0.14515,0.5761,0.0
050251,22.3891,0.15885,0.3876,0.0
050293,21.92755,0.1335,0.36,0.0
050301,21.7912,0.14045,0.347,0.0
050607,22.56615,0.132,0.4391,0.0
070955,21.8575,0.11575,0.3492,0.0
080723,22.5444,0.12545,0.4305,0.0
090201,22.7793,0.14135,0.5088,0.0
091869,21.4826,0.1256,0.2888,0.0
100090,20.49025,0.1308,0.1727,0.0
100163,21.8387,0.1521,0.318,0.0
100213,21.50715,0.1382,0.2752,0.0
100405,18.90405,0.12325,0.103,0.0
110033,20.5539,0.15765,0.2049,0.0
110478,21.2449,0.1389,0.2647,0.0
110536,20.8644,0.19515,0.2348,0.0
110567,20.73405,0.17345,0.2145,0.0
110719,23.03515,0.17065,0.4276,0.0
110734,22.2536,0.149,0.4019,0.0
120085,21.54775,0.14025,0.3218,0.0
120094,22.72345,0.12465,0.4512,0.0
120336,20.07365,0.12015,0.1612,0.0
120400,22.05965,0.1158,0.3512,0.0
120585,21.02715,0.11585,0.2492,0.0
130308,18.52945,0.1223,0.0822,0.0
130514,19.1167,0.10015,0.1056,0.0
130862,22.0508,0.14375,0.3327,0.0
140181,19.0531,0.1106,0.1022,0.0
150509,21.4896,0.1351,0.2928,0.0
151034,19.53775,0.0994,0.1326,0.0
160039,21.22425,0.12,0.2707,0.0
160099,19.0807,0.10935,0.1004,0.0
160197,22.1458,0.14555,0.3536,0.0
160200,22.599,0.2655,0.4235,0.0
170428,21.71085,0.11935,0.3001,0.0
180166,19.88745,0.11365,0.1476,0.0
180561,20.96525,0.12895,0.2288,0.0
190230,19.82205,0.1072,0.1388,0.0
190260,19.88005,0.10815,0.1436,0.0
300105,18.9547,0.1139,0.0919,0.0
310025,20.1239,0.12545,0.1568,0.0
310042,21.19555,0.2471,0.2388,0.0
310073,20.15155,0.16675,0.1496,0.0
310091,22.9937,0.1404,0.5078,0.0
310161,21.20755,0.11325,0.2528,0.0
310238,21.3163,0.1146,0.2842,0.0
310574,21.0224,0.1241,0.2368,0.0
320258,21.88785,0.1485,0.3412,0.0
330022,21.064,0.1418,0.2641,0.0
330089,22.1162,0.13315,0.349,0.0
330128,21.71485,0.1245,0.3212,0.0
330146,19.80745,0.1216,0.1352,0.0
340334,21.88165,0.1627,0.3065,0.0
350047,21.21045,0.1599,0.2335,0.0
350078,21.91835,0.1704,0.3006,0.0
350083,21.9904,0.12345,0.3676,0.0
350233,20.2554,0.1144,0.1692,0.0
350316,18.337,0.10315,0.07976,0.0
350548,20.3864,0.1142,0.1806,0.0
360112,20.34675,0.16425,0.1806,0.0
360140,21.03315,0.15375,0.2307,0.0
360156,17.29255,0.1243,0.04582,0.0
370098,20.7853,0.1197,0.2212,0.0
370308,20.5274,0.21145,0.2006,0.0
370333,18.378,0.11965,0.0755,0.0
370356,15.98385,0.1362,0.02627,0.0
370369,20.055,0.15515,0.1912,0.0
370428,20.3552,0.11035,0.1777,0.0
370563,20.5371,0.1169,0.1852,0.0
380279,22.02925,0.13805,0.3491,0.0
380378,21.30945,0.10785,0.2712,0.0
390264,21.17535,0.1226,0.2921,0.0
390471,21.7944,0.11375,0.3704,0.0
420100,18.8215,0.14795,0.0963,0.0
420159,20.2752,0.1117,0.1808,0.0
420258,21.3734,0.1525,0.2748,0.0
420407,21.2589,0.1441,0.2454,0.0
420417,21.9082,0.2036,0.3618,0.0
430004,20.92185,0.1499,0.2318,0.0
440008,19.91105,0.11095,0.1466,0.0
440042,20.18505,0.1775,0.1592,0.0
440162,22.4583,0.14905,0.4198,0.0
440509,21.66595,0.15665,0.3192,0.0
450175,22.97595,0.19605,0.5196,0.0
460003,19.9375,0.11,0.1506,0.0
460037,21.6135,0.15825,0.3026,0.0
460105,20.73865,0.1623,0.2106,0.0
470008,20.71895,0.1478,0.2396,0.0
470041,21.7581,0.12005,0.3316,0.0
470232,20.72485,0.1607,0.2006,0.0
470244,22.1621,0.14215,0.3606,0.0
480064,21.3408,0.1213,0.2426,0.0
480464,20.82175,0.14915,0.2212,0.0
490008,19.3688,0.1916,0.1206,0.0
490521,21.88605,0.16925,0.3412,0.0
500004,21.0268,0.13165,0.2504,0.0
500057,22.1535,0.1307,0.3804,0.0
500100,21.81735,0.13845,0.3106,0.0
500504,20.3968,0.14145,0.1994,0.0
510251,21.0934,0.1643,0.24,0.0
510457,22.89585,0.20855,0.5027,0.0
510578,22.10035,0.1358,0.3701,0.0
510638,21.36745,0.13725,0.27,0.0
520019,21.391,0.1313,0.2631,0.0
520023,21.22475,0.16715,0.268,0.0
520062,21.95175,0.1182,0.308,0.0
520077,21.3768,0.1625,0.25,0.0
520188,21.3787,0.11055,0.2804,0.0
530112,21.9041,0.12485,0.3148,0.0
530219,22.1329,0.16575,0.3288,0.0
540163,21.9869,0.11895,0.3297,0.0
550041,21.13905,0.14085,0.2588,0.0
550096,20.6681,0.15385,0.2246,0.0
550154,20.9208,0.1231,0.2102,0.0
550218,22.2944,0.18525,0.3878,0.0
560087,21.6875,0.1493,0.3068,0.0
560121,22.2065,0.1423,0.3652,0.0
560152,21.1327,0.1596,0.2488,0.0
570025,21.39335,0.16425,0.2988,0.0
570062,19.5741,0.1083,0.1238,0.0
580235,21.7689,0.1401,0.3312,0.0
580275,22.18595,0.1824,0.3826,0.0
580300,21.13115,0.11795,0.2406,0.0
590005,20.2873,0.17315,0.1712,0.0
200132,20.859,0.16115,0.2088,0.0
350180,21.715,0.1649,0.2896,0.0
000010,21.1466,0.1219,0.2457,0.0
000014,19.76145,0.12305,0.1361,0.0
000038,19.8557,0.11605,0.1505,0.0
000137,19.26765,0.1244,0.1187,0.0
000174,21.05305,0.1237,0.2448,0.0
000196,21.9623,0.10725,0.3503,0.0
000202,23.4834,0.1156,0.6192,0.0
000220,20.83145,0.10825,0.2196,0.0
010010,19.1829,0.10965,0.0994,0.0
020090,22.4668,0.20545,0.4098,0.0
030006,22.81425,0.2082,0.5025,0.0
040150,22.31495,0.143,0.3815,0.0
040201,21.2969,0.11365,0.2797,0.0
040780,20.74845,0.15255,0.2307,0.0
050003,22.5594,0.1627,0.4269,0.0
050201,23.1391,0.14355,0.5501,0.0
050291,21.96765,0.14105,0.3253,0.0
050296,22.00245,0.1283,0.3509,0.0
050303,21.97245,0.18155,0.3283,0.0
050580,22.4503,0.1316,0.4504,0.0
070242,18.09975,0.1085,0.06441,0.0
080064,17.91255,0.12675,0.06559,0.0
080646,21.8116,0.12465,0.3185,0.0
090037,20.2551,0.1724,0.1453,0.0
090275,19.7799,0.1129,0.1396,0.0
100101,22.75515,0.1527,0.4294,0.0
100206,20.59575,0.11555,0.2166,0.0
100358,21.88675,0.1841,0.3666,0.0
110425,22.2063,0.1382,0.3806,0.0
110430,22.47585,0.16245,0.4206,0.0
110460,20.61175,0.15295,0.1996,0.0
110484,22.8206,0.17305,0.5106,0.0
110542,22.6189,0.15295,0.4267,0.0
110716,21.9342,0.1522,0.3156,0.0
110721,23.2802,0.1624,0.5779,0.0
120044,23.0166,0.15415,0.4812,0.0
120086,22.18855,0.1588,0.3922,0.0
120143,20.08825,0.1083,0.1735,0.0
120369,21.9984,0.1153,0.3302,0.0
120444,21.70345,0.1614,0.2996,0.0
120586,20.95825,0.1411,0.2296,0.0
130755,21.54425,0.1708,0.2927,0.0
140152,20.59295,0.11275,0.2085,0.0
150254,21.2869,0.11615,0.2749,0.0
150457,21.66825,0.11865,0.3032,0.0
160070,22.19585,0.1342,0.359,0.0
160126,21.8702,0.1604,0.36,0.0
160198,21.98165,0.1223,0.349,0.0
160214,23.3169,0.11795,0.6304,0.0
170078,22.0192,0.15495,0.3207,0.0
180313,22.84675,0.1182,0.51,0.0
190209,22.0067,0.1243,0.3669,0.0
190340,19.7944,0.1038,0.1384,0.0
300179,20.54675,0.14915,0.1792,0.0
310039,20.22,0.11585,0.1717,0.0
310051,21.2356,0.1242,0.2708,0.0
310090,22.23255,0.2533,0.3473,0.0
310146,22.6131,0.1463,0.4796,0.0
310188,21.9169,0.137,0.3192,0.0
310260,22.9578,0.1518,0.5192,0.0
320099,22.18215,0.1306,0.3802,0.0
320469,22.13805,0.26375,0.3712,0.0
330023,20.474,0.12575,0.1808,0.0
330083,20.75105,0.12225,0.2236,0.0
340229,19.8422,0.13225,0.1412,0.0
350027,21.68485,0.12015,0.3055,0.0
350050,22.12805,0.15365,0.4045,0.0
350080,21.43725,0.1358,0.2856,0.0
350192,21.5859,0.13495,0.3012,0.0
350235,21.2319,0.12955,0.2637,0.0
350374,22.9717,0.1963,0.5006,0.0
350630,21.64295,0.1129,0.3051,0.0
360139,22.28245,0.126,0.3857,0.0
360145,20.6442,0.1223,0.1985,0.0
370066,18.75805,0.1103,0.0906,0.0
370329,22.9261,0.1649,0.4774,0.0
370344,21.831,0.11675,0.3312,0.0
370367,22.70965,0.15,0.4712,0.0
370394,21.7726,0.15595,0.3306,0.0
370498,21.3572,0.14225,0.2607,0.0
370566,18.15745,0.1192,0.07141,0.0
370595,20.426,0.1593,0.1812,0.0
380318,21.91315,0.151,0.3379,0.0
390259,19.37365,0.11495,0.1221,0.0
390449,21.1135,0.14315,0.2501,0.0
390627,20.16235,0.167,0.1604,0.0
420196,21.99485,0.16045,0.2988,0.0
420352,22.11805,0.14095,0.3892,0.0
420414,21.4687,0.1649,0.2928,0.0
430003,21.6655,0.17245,0.3288,0.0
440005,21.6995,0.13305,0.3056,0.0
440050,21.46645,0.1395,0.2858,0.0
440236,22.4792,0.1471,0.4292,0.0
440285,20.481,0.1699,0.1792,0.0
440643,20.50025,0.1605,0.1896,0.0
450082,21.19025,0.14705,0.2488,0.0
450339,22.48095,0.19045,0.4096,0.0
460064,20.85675,0.13015,0.2416,0.0
470015,21.8791,0.16625,0.3376,0.0
470043,18.48435,0.29975,0.0706,0.0
470110,21.9593,0.1626,0.3456,0.0
480184,21.98705,0.15615,0.3306,0.0
490007,17.60185,0.1165,0.05495,0.0
490037,22.37855,0.1425,0.4231,0.0
500038,19.19495,0.1111,0.1072,0.0
500065,21.2265,0.12315,0.2854,0.0
500301,21.91925,0.1384,0.3254,0.0
500511,21.74575,0.1129,0.3347,0.0
510113,21.30595,0.15955,0.2907,0.0
510266,22.4238,0.13695,0.4404,0.0
510550,21.09055,0.1118,0.2411,0.0
510597,22.75035,0.16435,0.4607,0.0
520022,19.33475,0.1245,0.1194,0.0
520041,23.34415,0.1462,0.545,0.0
520071,22.6089,0.1289,0.4114,0.0
530037,21.34225,0.14435,0.2688,0.0
530086,17.35275,0.13525,0.04976,0.0
530251,22.5817,0.15385,0.4118,0.0
550005,18.2355,0.1566,0.07369,0.0
550059,22.0816,0.21085,0.3188,0.0
550137,22.16135,0.152,0.4198,0.0
550202,22.49015,0.2331,0.4208,0.0
560027,22.46285,0.19185,0.4392,0.0
560054,22.68865,0.17225,0.4804,0.0
560150,20.66375,0.13595,0.1998,0.0
570022,21.81235,0.1445,0.3018,0.0
570056,21.4412,0.13835,0.2902,0.0
580104,21.58775,0.1462,0.3092,0.0
580270,21.7291,0.123,0.2956,0.0
580276,21.88335,0.13905,0.3386,0.0
590031,22.21555,0.1463,0.3782,0.0
590194,18.72405,0.11685,0.0896,0.0
520016,22.6586,0.15475,0.4507,0.0
380199,22.8011,0.14725,0.4604,0.0
vespesian,25.73935,0.3352,1.206,0.0
washington,25.6034,0.1484,1.33,0.0
carter,25.9072,0.21065,1.54,0.0
Primo,26.00705,0.18565,1.55,0.0
geta,26.0592,0.2832,1.7,0.0
stone,26.2011,0.18795,1.8,0.0
colfax,26.877,0.2548,2.26,0.0
wilson,26.1609,0.2559,1.914,0.0
Aphrodite,25.52015,0.17875,1.3,0.0
Borg,25.4652,0.1632,1.34,0.0
Eagle,24.88235,0.1657,1.02,0.0
Frodo,23.70605,0.134,0.735,0.0
Gabi,25.0639,0.1649,1.12,0.0
Koekemoer,25.28615,0.19155,1.23,0.0
Lancaster,25.4985,0.17085,1.23,0.0
Manipogo,24.3128,0.21455,0.854,0.0
Mcguire,25.5159,0.1622,1.37,0.0
Ombo,24.7061,0.13985,0.9752,0.0
Patuxent,25.11545,0.26175,0.97,0.0
Rakke,23.8446,0.12605,0.74,0.0
Sasquatch,25.36305,0.20125,1.39,0.0
Thoth,25.2642,0.235,1.305,0.0
Vilas,24.2666,0.1658,0.935,0.0
SCP05D0,24.85445,0.2291,1.014,0.0
SCP05D6,25.54235,0.1987,1.315,0.0
SCP06C0,24.63835,0.26405,1.092,0.0
